"","siteID","blockID","destinationPlotID","originPlotID","turfID","TTtreat","Year","Temperature_level","Precipitation_level","id"
"1","Alrust","Alr1",28,1,"1 TT2 28","TT2",2009,2,1,"1 TT2 28_2009"
"2","Alrust","Alr1",28,1,"1 TT2 28","TT2",2011,2,1,"1 TT2 28_2011"
"3","Alrust","Alr1",28,1,"1 TT2 28","TT2",2012,2,1,"1 TT2 28_2012"
"4","Alrust","Alr1",28,1,"1 TT2 28","TT2",2013,2,1,"1 TT2 28_2013"
"5","Alrust","Alr1",28,1,"1 TT2 28","TT2",2015,2,1,"1 TT2 28_2015"
"6","Ulvhaugen","Ulv2",7,10,"10 TT1 7","TT1",2009,1,1,"10 TT1 7_2009"
"7","Ulvhaugen","Ulv2",7,10,"10 TT1 7","TT1",2011,1,1,"10 TT1 7_2011"
"8","Ulvhaugen","Ulv2",7,10,"10 TT1 7","TT1",2012,1,1,"10 TT1 7_2012"
"9","Ulvhaugen","Ulv2",7,10,"10 TT1 7","TT1",2013,1,1,"10 TT1 7_2013"
"10","Rambera","Ram9",522,100,"100 TT4 522","TT4",2009,2,3,"100 TT4 522_2009"
"11","Rambera","Ram9",522,100,"100 TT4 522","TT4",2011,2,3,"100 TT4 522_2011"
"12","Rambera","Ram9",522,100,"100 TT4 522","TT4",2012,2,3,"100 TT4 522_2012"
"13","Rambera","Ram9",522,100,"100 TT4 522","TT4",2013,2,3,"100 TT4 522_2013"
"14","Rambera","Ram9",522,100,"100 TT4 522","TT4",2015,2,3,"100 TT4 522_2015"
"15","Hogsete","Hog1",101,101,"101 TTC","TTC",2009,2,2,"101 TTC_2009"
"16","Hogsete","Hog1",101,101,"101 TTC","TTC",2011,2,2,"101 TTC_2011"
"17","Hogsete","Hog1",101,101,"101 TTC","TTC",2012,2,2,"101 TTC_2012"
"18","Hogsete","Hog1",101,101,"101 TTC","TTC",2013,2,2,"101 TTC_2013"
"19","Hogsete","Hog1",101,101,"101 TTC","TTC",2015,2,2,"101 TTC_2015"
"20","Hogsete","Hog1",101,101,"101 TTC","TTC",2016,2,2,"101 TTC_2016"
"21","Rambera","Ram9",524,102,"102 TT3 524","TT3",2009,2,3,"102 TT3 524_2009"
"22","Rambera","Ram9",524,102,"102 TT3 524","TT3",2011,2,3,"102 TT3 524_2011"
"23","Rambera","Ram9",524,102,"102 TT3 524","TT3",2012,2,3,"102 TT3 524_2012"
"24","Rambera","Ram9",524,102,"102 TT3 524","TT3",2013,2,3,"102 TT3 524_2013"
"25","Rambera","Ram9",524,102,"102 TT3 524","TT3",2015,2,3,"102 TT3 524_2015"
"26","Vikesland","Vik1",128,103,"103 TT2 128","TT2",2009,3,2,"103 TT2 128_2009"
"27","Vikesland","Vik1",128,103,"103 TT2 128","TT2",2011,3,2,"103 TT2 128_2011"
"28","Vikesland","Vik1",128,103,"103 TT2 128","TT2",2012,3,2,"103 TT2 128_2012"
"29","Vikesland","Vik1",128,103,"103 TT2 128","TT2",2013,3,2,"103 TT2 128_2013"
"30","Vikesland","Vik1",128,103,"103 TT2 128","TT2",2015,3,2,"103 TT2 128_2015"
"31","Hogsete","Hog1",102,104,"104 TT1 102","TT1",2009,2,2,"104 TT1 102_2009"
"32","Hogsete","Hog1",102,104,"104 TT1 102","TT1",2011,2,2,"104 TT1 102_2011"
"33","Hogsete","Hog1",102,104,"104 TT1 102","TT1",2012,2,2,"104 TT1 102_2012"
"34","Hogsete","Hog1",102,104,"104 TT1 102","TT1",2013,2,2,"104 TT1 102_2013"
"35","Arhelleren","Arh1",540,105,"105 TT4 540","TT4",2009,3,3,"105 TT4 540_2009"
"36","Arhelleren","Arh1",540,105,"105 TT4 540","TT4",2011,3,3,"105 TT4 540_2011"
"37","Arhelleren","Arh1",540,105,"105 TT4 540","TT4",2012,3,3,"105 TT4 540_2012"
"38","Arhelleren","Arh1",540,105,"105 TT4 540","TT4",2013,3,3,"105 TT4 540_2013"
"39","Arhelleren","Arh1",540,105,"105 TT4 540","TT4",2015,3,3,"105 TT4 540_2015"
"40","Arhelleren","Arh2",220,106,"106 TT4 220","TT4",2011,3,3,"106 TT4 220_2011"
"41","Arhelleren","Arh2",220,106,"106 TT4 220","TT4",2012,3,3,"106 TT4 220_2012"
"42","Arhelleren","Arh2",220,106,"106 TT4 220","TT4",2013,3,3,"106 TT4 220_2013"
"43","Arhelleren","Arh2",220,106,"106 TT4 220","TT4",2015,3,3,"106 TT4 220_2015"
"44","Vikesland","Vik2",133,107,"107 TT2 133","TT2",2009,3,2,"107 TT2 133_2009"
"45","Vikesland","Vik2",133,107,"107 TT2 133","TT2",2011,3,2,"107 TT2 133_2011"
"46","Vikesland","Vik2",133,107,"107 TT2 133","TT2",2012,3,2,"107 TT2 133_2012"
"47","Vikesland","Vik2",133,107,"107 TT2 133","TT2",2013,3,2,"107 TT2 133_2013"
"48","Vikesland","Vik2",133,107,"107 TT2 133","TT2",2015,3,2,"107 TT2 133_2015"
"49","Rambera","Ram6",208,108,"108 TT3 208","TT3",2009,2,3,"108 TT3 208_2009"
"50","Rambera","Ram6",208,108,"108 TT3 208","TT3",2011,2,3,"108 TT3 208_2011"
"51","Hogsete","Hog2",106,109,"109 TT1 106","TT1",2009,2,2,"109 TT1 106_2009"
"52","Hogsete","Hog2",106,109,"109 TT1 106","TT1",2011,2,2,"109 TT1 106_2011"
"53","Hogsete","Hog2",106,109,"109 TT1 106","TT1",2012,2,2,"109 TT1 106_2012"
"54","Hogsete","Hog2",106,109,"109 TT1 106","TT1",2013,2,2,"109 TT1 106_2013"
"55","Ulvhaugen","Ulv3",11,11,"11 TTC","TTC",2009,1,1,"11 TTC_2009"
"56","Ulvhaugen","Ulv3",11,11,"11 TTC","TTC",2011,1,1,"11 TTC_2011"
"57","Ulvhaugen","Ulv3",11,11,"11 TTC","TTC",2012,1,1,"11 TTC_2012"
"58","Ulvhaugen","Ulv3",11,11,"11 TTC","TTC",2013,1,1,"11 TTC_2013"
"59","Ulvhaugen","Ulv3",11,11,"11 TTC","TTC",2015,1,1,"11 TTC_2015"
"60","Ulvhaugen","Ulv3",11,11,"11 TTC","TTC",2016,1,1,"11 TTC_2016"
"61","Hogsete","Hog2",110,110,"110 TTC","TTC",2009,2,2,"110 TTC_2009"
"62","Hogsete","Hog2",110,110,"110 TTC","TTC",2011,2,2,"110 TTC_2011"
"63","Hogsete","Hog2",110,110,"110 TTC","TTC",2012,2,2,"110 TTC_2012"
"64","Hogsete","Hog2",110,110,"110 TTC","TTC",2013,2,2,"110 TTC_2013"
"65","Hogsete","Hog2",110,110,"110 TTC","TTC",2015,2,2,"110 TTC_2015"
"66","Hogsete","Hog2",110,110,"110 TTC","TTC",2016,2,2,"110 TTC_2016"
"67","Vikesland","Vik3",137,111,"111 TT2 137","TT2",2009,3,2,"111 TT2 137_2009"
"68","Vikesland","Vik3",137,111,"111 TT2 137","TT2",2011,3,2,"111 TT2 137_2011"
"69","Vikesland","Vik3",137,111,"111 TT2 137","TT2",2012,3,2,"111 TT2 137_2012"
"70","Vikesland","Vik3",137,111,"111 TT2 137","TT2",2013,3,2,"111 TT2 137_2013"
"71","Vikesland","Vik3",137,111,"111 TT2 137","TT2",2015,3,2,"111 TT2 137_2015"
"72","Rambera","Ram5",199,112,"112 TT3 199","TT3",2009,2,3,"112 TT3 199_2009"
"73","Rambera","Ram5",199,112,"112 TT3 199","TT3",2011,2,3,"112 TT3 199_2011"
"74","Rambera","Ram5",199,112,"112 TT3 199","TT3",2012,2,3,"112 TT3 199_2012"
"75","Rambera","Ram5",199,112,"112 TT3 199","TT3",2013,2,3,"112 TT3 199_2013"
"76","Rambera","Ram5",199,112,"112 TT3 199","TT3",2015,2,3,"112 TT3 199_2015"
"77","Hogsete","Hog3",111,113,"113 TT1 111","TT1",2009,2,2,"113 TT1 111_2009"
"78","Hogsete","Hog3",111,113,"113 TT1 111","TT1",2011,2,2,"113 TT1 111_2011"
"79","Hogsete","Hog3",111,113,"113 TT1 111","TT1",2012,2,2,"113 TT1 111_2012"
"80","Hogsete","Hog3",111,113,"113 TT1 111","TT1",2013,2,2,"113 TT1 111_2013"
"81","Arhelleren","Arh3",224,114,"114 TT4 224","TT4",2009,3,3,"114 TT4 224_2009"
"82","Arhelleren","Arh3",224,114,"114 TT4 224","TT4",2011,3,3,"114 TT4 224_2011"
"83","Arhelleren","Arh3",224,114,"114 TT4 224","TT4",2012,3,3,"114 TT4 224_2012"
"84","Arhelleren","Arh3",224,114,"114 TT4 224","TT4",2013,3,3,"114 TT4 224_2013"
"85","Arhelleren","Arh3",224,114,"114 TT4 224","TT4",2015,3,3,"114 TT4 224_2015"
"86","Hogsete","Hog3",115,115,"115 TTC","TTC",2009,2,2,"115 TTC_2009"
"87","Hogsete","Hog3",115,115,"115 TTC","TTC",2011,2,2,"115 TTC_2011"
"88","Hogsete","Hog3",115,115,"115 TTC","TTC",2012,2,2,"115 TTC_2012"
"89","Hogsete","Hog3",115,115,"115 TTC","TTC",2013,2,2,"115 TTC_2013"
"90","Hogsete","Hog3",115,115,"115 TTC","TTC",2015,2,2,"115 TTC_2015"
"91","Hogsete","Hog3",115,115,"115 TTC","TTC",2016,2,2,"115 TTC_2016"
"92","Hogsete","Hog4",116,116,"116 TTC","TTC",2009,2,2,"116 TTC_2009"
"93","Hogsete","Hog4",116,116,"116 TTC","TTC",2011,2,2,"116 TTC_2011"
"94","Hogsete","Hog4",116,116,"116 TTC","TTC",2012,2,2,"116 TTC_2012"
"95","Hogsete","Hog4",116,116,"116 TTC","TTC",2013,2,2,"116 TTC_2013"
"96","Hogsete","Hog4",116,116,"116 TTC","TTC",2015,2,2,"116 TTC_2015"
"97","Hogsete","Hog4",116,116,"116 TTC","TTC",2016,2,2,"116 TTC_2016"
"98","Rambera","Ram8",530,117,"117 TT3 530","TT3",2009,2,3,"117 TT3 530_2009"
"99","Rambera","Ram8",530,117,"117 TT3 530","TT3",2011,2,3,"117 TT3 530_2011"
"100","Rambera","Ram8",530,117,"117 TT3 530","TT3",2012,2,3,"117 TT3 530_2012"
"101","Rambera","Ram8",530,117,"117 TT3 530","TT3",2013,2,3,"117 TT3 530_2013"
"102","Arhelleren","Arh4",230,118,"118 TT4 230","TT4",2009,3,3,"118 TT4 230_2009"
"103","Arhelleren","Arh4",230,118,"118 TT4 230","TT4",2011,3,3,"118 TT4 230_2011"
"104","Arhelleren","Arh4",230,118,"118 TT4 230","TT4",2012,3,3,"118 TT4 230_2012"
"105","Arhelleren","Arh4",230,118,"118 TT4 230","TT4",2013,3,3,"118 TT4 230_2013"
"106","Arhelleren","Arh4",230,118,"118 TT4 230","TT4",2015,3,3,"118 TT4 230_2015"
"107","Vikesland","Vik4",143,119,"119 TT2 143","TT2",2009,3,2,"119 TT2 143_2009"
"108","Vikesland","Vik4",143,119,"119 TT2 143","TT2",2011,3,2,"119 TT2 143_2011"
"109","Vikesland","Vik4",143,119,"119 TT2 143","TT2",2012,3,2,"119 TT2 143_2012"
"110","Vikesland","Vik4",143,119,"119 TT2 143","TT2",2013,3,2,"119 TT2 143_2013"
"111","Vikesland","Vik4",143,119,"119 TT2 143","TT2",2015,3,2,"119 TT2 143_2015"
"112","Lavisdalen","Lav5",98,12,"12 TT3 98","TT3",2009,1,2,"12 TT3 98_2009"
"113","Lavisdalen","Lav5",98,12,"12 TT3 98","TT3",2011,1,2,"12 TT3 98_2011"
"114","Lavisdalen","Lav5",98,12,"12 TT3 98","TT3",2012,1,2,"12 TT3 98_2012"
"115","Lavisdalen","Lav5",98,12,"12 TT3 98","TT3",2013,1,2,"12 TT3 98_2013"
"116","Lavisdalen","Lav5",98,12,"12 TT3 98","TT3",2015,1,2,"12 TT3 98_2015"
"117","Hogsete","Hog4",118,120,"120 TT1 118","TT1",2009,2,2,"120 TT1 118_2009"
"118","Hogsete","Hog4",118,120,"120 TT1 118","TT1",2011,2,2,"120 TT1 118_2011"
"119","Hogsete","Hog4",118,120,"120 TT1 118","TT1",2012,2,2,"120 TT1 118_2012"
"120","Hogsete","Hog4",118,120,"120 TT1 118","TT1",2013,2,2,"120 TT1 118_2013"
"121","Rambera","Ram4",192,121,"121 TT3 192","TT3",2009,2,3,"121 TT3 192_2009"
"122","Rambera","Ram4",192,121,"121 TT3 192","TT3",2011,2,3,"121 TT3 192_2011"
"123","Rambera","Ram4",192,121,"121 TT3 192","TT3",2012,2,3,"121 TT3 192_2012"
"124","Rambera","Ram4",192,121,"121 TT3 192","TT3",2013,2,3,"121 TT3 192_2013"
"125","Rambera","Ram4",192,121,"121 TT3 192","TT3",2015,2,3,"121 TT3 192_2015"
"126","Hogsete","Hog5",125,122,"122 TT1 125","TT1",2009,2,2,"122 TT1 125_2009"
"127","Hogsete","Hog5",125,122,"122 TT1 125","TT1",2011,2,2,"122 TT1 125_2011"
"128","Hogsete","Hog5",125,122,"122 TT1 125","TT1",2012,2,2,"122 TT1 125_2012"
"129","Hogsete","Hog5",125,122,"122 TT1 125","TT1",2013,2,2,"122 TT1 125_2013"
"130","Vikesland","Vik5",150,123,"123 TT2 150","TT2",2009,3,2,"123 TT2 150_2009"
"131","Vikesland","Vik5",150,123,"123 TT2 150","TT2",2011,3,2,"123 TT2 150_2011"
"132","Vikesland","Vik5",150,123,"123 TT2 150","TT2",2012,3,2,"123 TT2 150_2012"
"133","Vikesland","Vik5",150,123,"123 TT2 150","TT2",2013,3,2,"123 TT2 150_2013"
"134","Vikesland","Vik5",150,123,"123 TT2 150","TT2",2015,3,2,"123 TT2 150_2015"
"135","Hogsete","Hog5",124,124,"124 TTC","TTC",2009,2,2,"124 TTC_2009"
"136","Hogsete","Hog5",124,124,"124 TTC","TTC",2011,2,2,"124 TTC_2011"
"137","Hogsete","Hog5",124,124,"124 TTC","TTC",2012,2,2,"124 TTC_2012"
"138","Hogsete","Hog5",124,124,"124 TTC","TTC",2013,2,2,"124 TTC_2013"
"139","Hogsete","Hog5",124,124,"124 TTC","TTC",2015,2,2,"124 TTC_2015"
"140","Hogsete","Hog5",124,124,"124 TTC","TTC",2016,2,2,"124 TTC_2016"
"141","Arhelleren","Arh5",233,125,"125 TT4 233","TT4",2009,3,3,"125 TT4 233_2009"
"142","Arhelleren","Arh5",233,125,"125 TT4 233","TT4",2011,3,3,"125 TT4 233_2011"
"143","Arhelleren","Arh5",233,125,"125 TT4 233","TT4",2012,3,3,"125 TT4 233_2012"
"144","Arhelleren","Arh5",233,125,"125 TT4 233","TT4",2013,3,3,"125 TT4 233_2013"
"145","Arhelleren","Arh5",233,125,"125 TT4 233","TT4",2015,3,3,"125 TT4 233_2015"
"146","Vikesland","Vik1",126,126,"126 TTC","TTC",2009,3,2,"126 TTC_2009"
"147","Vikesland","Vik1",126,126,"126 TTC","TTC",2011,3,2,"126 TTC_2011"
"148","Vikesland","Vik1",126,126,"126 TTC","TTC",2012,3,2,"126 TTC_2012"
"149","Vikesland","Vik1",126,126,"126 TTC","TTC",2013,3,2,"126 TTC_2013"
"150","Vikesland","Vik1",126,126,"126 TTC","TTC",2015,3,2,"126 TTC_2015"
"151","Vikesland","Vik1",126,126,"126 TTC","TTC",2016,3,2,"126 TTC_2016"
"152","Ulvhaugen","Ulv3",14,13,"13 TT1 14","TT1",2009,1,1,"13 TT1 14_2009"
"153","Ulvhaugen","Ulv3",14,13,"13 TT1 14","TT1",2011,1,1,"13 TT1 14_2011"
"154","Ulvhaugen","Ulv3",14,13,"13 TT1 14","TT1",2012,1,1,"13 TT1 14_2012"
"155","Ulvhaugen","Ulv3",14,13,"13 TT1 14","TT1",2013,1,1,"13 TT1 14_2013"
"156","Vikesland","Vik2",135,131,"131 TT1 135","TT1",2009,3,2,"131 TT1 135_2009"
"157","Vikesland","Vik2",135,131,"131 TT1 135","TT1",2011,3,2,"131 TT1 135_2011"
"158","Vikesland","Vik2",135,131,"131 TT1 135","TT1",2012,3,2,"131 TT1 135_2012"
"159","Vikesland","Vik2",135,131,"131 TT1 135","TT1",2013,3,2,"131 TT1 135_2013"
"160","Arhelleren","Arh2",219,133,"133 TT3 219","TT3",2009,3,3,"133 TT3 219_2009"
"161","Arhelleren","Arh2",219,133,"133 TT3 219","TT3",2011,3,3,"133 TT3 219_2011"
"162","Arhelleren","Arh2",219,133,"133 TT3 219","TT3",2012,3,3,"133 TT3 219_2012"
"163","Arhelleren","Arh2",219,133,"133 TT3 219","TT3",2013,3,3,"133 TT3 219_2013"
"164","Arhelleren","Arh2",219,133,"133 TT3 219","TT3",2015,3,3,"133 TT3 219_2015"
"165","Vikesland","Vik2",134,134,"134 TTC","TTC",2009,3,2,"134 TTC_2009"
"166","Vikesland","Vik2",134,134,"134 TTC","TTC",2011,3,2,"134 TTC_2011"
"167","Vikesland","Vik2",134,134,"134 TTC","TTC",2012,3,2,"134 TTC_2012"
"168","Vikesland","Vik2",134,134,"134 TTC","TTC",2013,3,2,"134 TTC_2013"
"169","Vikesland","Vik2",134,134,"134 TTC","TTC",2015,3,2,"134 TTC_2015"
"170","Vikesland","Vik2",134,134,"134 TTC","TTC",2016,3,2,"134 TTC_2016"
"171","Vikesland","Vik1",129,-135,"135 TT1 129","TT1",2009,3,2,"135 TT1 129_2009"
"172","Vikesland","Vik1",129,-135,"135 TT1 129","TT1",2011,3,2,"135 TT1 129_2011"
"173","Vikesland","Vik1",129,-135,"135 TT1 129","TT1",2012,3,2,"135 TT1 129_2012"
"174","Vikesland","Vik1",129,-135,"135 TT1 129","TT1",2013,3,2,"135 TT1 129_2013"
"175","Arhelleren","Arh3",221,136,"136 TT3 221","TT3",2009,3,3,"136 TT3 221_2009"
"176","Arhelleren","Arh3",221,136,"136 TT3 221","TT3",2011,3,3,"136 TT3 221_2011"
"177","Arhelleren","Arh3",221,136,"136 TT3 221","TT3",2012,3,3,"136 TT3 221_2012"
"178","Arhelleren","Arh3",221,136,"136 TT3 221","TT3",2013,3,3,"136 TT3 221_2013"
"179","Arhelleren","Arh3",221,136,"136 TT3 221","TT3",2015,3,3,"136 TT3 221_2015"
"180","Vikesland","Vik3",139,137,"137 TT1 139","TT1",2009,3,2,"137 TT1 139_2009"
"181","Vikesland","Vik3",139,137,"137 TT1 139","TT1",2011,3,2,"137 TT1 139_2011"
"182","Vikesland","Vik3",139,137,"137 TT1 139","TT1",2012,3,2,"137 TT1 139_2012"
"183","Vikesland","Vik3",139,137,"137 TT1 139","TT1",2013,3,2,"137 TT1 139_2013"
"184","Arhelleren","Arh1",214,-138,"138 TT3 214","TT3",2009,3,3,"138 TT3 214_2009"
"185","Arhelleren","Arh1",214,-138,"138 TT3 214","TT3",2011,3,3,"138 TT3 214_2011"
"186","Arhelleren","Arh1",214,-138,"138 TT3 214","TT3",2012,3,3,"138 TT3 214_2012"
"187","Arhelleren","Arh1",214,-138,"138 TT3 214","TT3",2013,3,3,"138 TT3 214_2013"
"188","Arhelleren","Arh1",214,-138,"138 TT3 214","TT3",2015,3,3,"138 TT3 214_2015"
"189","Alrust","Alr3",39,14,"14 TT2 39","TT2",2009,2,1,"14 TT2 39_2009"
"190","Alrust","Alr3",39,14,"14 TT2 39","TT2",2011,2,1,"14 TT2 39_2011"
"191","Alrust","Alr3",39,14,"14 TT2 39","TT2",2012,2,1,"14 TT2 39_2012"
"192","Alrust","Alr3",39,14,"14 TT2 39","TT2",2013,2,1,"14 TT2 39_2013"
"193","Alrust","Alr3",39,14,"14 TT2 39","TT2",2015,2,1,"14 TT2 39_2015"
"194","Vikesland","Vik3",140,140,"140 TTC","TTC",2009,3,2,"140 TTC_2009"
"195","Vikesland","Vik3",140,140,"140 TTC","TTC",2011,3,2,"140 TTC_2011"
"196","Vikesland","Vik3",140,140,"140 TTC","TTC",2012,3,2,"140 TTC_2012"
"197","Vikesland","Vik3",140,140,"140 TTC","TTC",2013,3,2,"140 TTC_2013"
"198","Vikesland","Vik3",140,140,"140 TTC","TTC",2015,3,2,"140 TTC_2015"
"199","Vikesland","Vik3",140,140,"140 TTC","TTC",2016,3,2,"140 TTC_2016"
"200","Vikesland","Vik4",141,141,"141 TTC","TTC",2009,3,2,"141 TTC_2009"
"201","Vikesland","Vik4",141,141,"141 TTC","TTC",2011,3,2,"141 TTC_2011"
"202","Vikesland","Vik4",141,141,"141 TTC","TTC",2012,3,2,"141 TTC_2012"
"203","Vikesland","Vik4",141,141,"141 TTC","TTC",2013,3,2,"141 TTC_2013"
"204","Vikesland","Vik4",141,141,"141 TTC","TTC",2015,3,2,"141 TTC_2015"
"205","Vikesland","Vik4",141,141,"141 TTC","TTC",2016,3,2,"141 TTC_2016"
"206","Vikesland","Vik4",144,142,"142 TT1 144","TT1",2009,3,2,"142 TT1 144_2009"
"207","Vikesland","Vik4",144,142,"142 TT1 144","TT1",2011,3,2,"142 TT1 144_2011"
"208","Vikesland","Vik4",144,142,"142 TT1 144","TT1",2012,3,2,"142 TT1 144_2012"
"209","Vikesland","Vik4",144,142,"142 TT1 144","TT1",2013,3,2,"142 TT1 144_2013"
"210","Vikesland","Vik5",149,-143,"143 TT1 149","TT1",2009,3,2,"143 TT1 149_2009"
"211","Vikesland","Vik5",149,-143,"143 TT1 149","TT1",2011,3,2,"143 TT1 149_2011"
"212","Vikesland","Vik5",149,-143,"143 TT1 149","TT1",2012,3,2,"143 TT1 149_2012"
"213","Vikesland","Vik5",149,-143,"143 TT1 149","TT1",2013,3,2,"143 TT1 149_2013"
"214","Arhelleren","Arh4",229,144,"144 TT3 229","TT3",2009,3,3,"144 TT3 229_2009"
"215","Arhelleren","Arh4",229,144,"144 TT3 229","TT3",2011,3,3,"144 TT3 229_2011"
"216","Arhelleren","Arh4",229,144,"144 TT3 229","TT3",2012,3,3,"144 TT3 229_2012"
"217","Arhelleren","Arh4",229,144,"144 TT3 229","TT3",2013,3,3,"144 TT3 229_2013"
"218","Arhelleren","Arh4",229,144,"144 TT3 229","TT3",2015,3,3,"144 TT3 229_2015"
"219","Arhelleren","Arh5",231,-145,"145 TT3 231","TT3",2009,3,3,"145 TT3 231_2009"
"220","Arhelleren","Arh5",231,-145,"145 TT3 231","TT3",2011,3,3,"145 TT3 231_2011"
"221","Arhelleren","Arh5",231,-145,"145 TT3 231","TT3",2012,3,3,"145 TT3 231_2012"
"222","Arhelleren","Arh5",231,-145,"145 TT3 231","TT3",2013,3,3,"145 TT3 231_2013"
"223","Arhelleren","Arh5",231,-145,"145 TT3 231","TT3",2015,3,3,"145 TT3 231_2015"
"224","Vikesland","Vik5",146,146,"146 TTC","TTC",2009,3,2,"146 TTC_2009"
"225","Vikesland","Vik5",146,146,"146 TTC","TTC",2011,3,2,"146 TTC_2011"
"226","Vikesland","Vik5",146,146,"146 TTC","TTC",2012,3,2,"146 TTC_2012"
"227","Vikesland","Vik5",146,146,"146 TTC","TTC",2013,3,2,"146 TTC_2013"
"228","Vikesland","Vik5",146,146,"146 TTC","TTC",2015,3,2,"146 TTC_2015"
"229","Vikesland","Vik5",146,146,"146 TTC","TTC",2016,3,2,"146 TTC_2016"
"230","Hogsete","Hog3",112,15,"15 TT4 112","TT4",2009,2,2,"15 TT4 112_2009"
"231","Hogsete","Hog3",112,15,"15 TT4 112","TT4",2011,2,2,"15 TT4 112_2011"
"232","Hogsete","Hog3",112,15,"15 TT4 112","TT4",2012,2,2,"15 TT4 112_2012"
"233","Hogsete","Hog3",112,15,"15 TT4 112","TT4",2013,2,2,"15 TT4 112_2013"
"234","Hogsete","Hog3",112,15,"15 TT4 112","TT4",2015,2,2,"15 TT4 112_2015"
"235","Alrust","Alr4",42,16,"16 TT2 42","TT2",2009,2,1,"16 TT2 42_2009"
"236","Alrust","Alr4",42,16,"16 TT2 42","TT2",2011,2,1,"16 TT2 42_2011"
"237","Alrust","Alr4",42,16,"16 TT2 42","TT2",2012,2,1,"16 TT2 42_2012"
"238","Alrust","Alr4",42,16,"16 TT2 42","TT2",2013,2,1,"16 TT2 42_2013"
"239","Alrust","Alr4",42,16,"16 TT2 42","TT2",2015,2,1,"16 TT2 42_2015"
"240","Rambera","Ram5",200,162,"162 TT2 200","TT2",2009,2,3,"162 TT2 200_2009"
"241","Rambera","Ram5",200,162,"162 TT2 200","TT2",2011,2,3,"162 TT2 200_2011"
"242","Rambera","Ram5",200,162,"162 TT2 200","TT2",2012,2,3,"162 TT2 200_2012"
"243","Rambera","Ram5",200,162,"162 TT2 200","TT2",2013,2,3,"162 TT2 200_2013"
"244","Rambera","Ram5",200,162,"162 TT2 200","TT2",2015,2,3,"162 TT2 200_2015"
"245","Skjellingahaugen","Skj2",241,166,"166 TT3 241","TT3",2009,1,4,"166 TT3 241_2009"
"246","Skjellingahaugen","Skj2",241,166,"166 TT3 241","TT3",2011,1,4,"166 TT3 241_2011"
"247","Skjellingahaugen","Skj2",241,166,"166 TT3 241","TT3",2012,1,4,"166 TT3 241_2012"
"248","Skjellingahaugen","Skj2",241,166,"166 TT3 241","TT3",2013,1,4,"166 TT3 241_2013"
"249","Skjellingahaugen","Skj2",241,166,"166 TT3 241","TT3",2015,1,4,"166 TT3 241_2015"
"250","Gudmedalen","Gud4",167,167,"167 TTC","TTC",2009,1,3,"167 TTC_2009"
"251","Gudmedalen","Gud4",167,167,"167 TTC","TTC",2011,1,3,"167 TTC_2011"
"252","Gudmedalen","Gud4",167,167,"167 TTC","TTC",2012,1,3,"167 TTC_2012"
"253","Gudmedalen","Gud4",167,167,"167 TTC","TTC",2013,1,3,"167 TTC_2013"
"254","Gudmedalen","Gud4",167,167,"167 TTC","TTC",2015,1,3,"167 TTC_2015"
"255","Gudmedalen","Gud4",167,167,"167 TTC","TTC",2016,1,3,"167 TTC_2016"
"256","Veskre","Ves5",284,168,"168 TT4 284","TT4",2009,2,4,"168 TT4 284_2009"
"257","Veskre","Ves5",284,168,"168 TT4 284","TT4",2011,2,4,"168 TT4 284_2011"
"258","Veskre","Ves5",284,168,"168 TT4 284","TT4",2012,2,4,"168 TT4 284_2012"
"259","Veskre","Ves5",284,168,"168 TT4 284","TT4",2013,2,4,"168 TT4 284_2013"
"260","Veskre","Ves5",284,168,"168 TT4 284","TT4",2015,2,4,"168 TT4 284_2015"
"261","Gudmedalen","Gud4",170,169,"169 TT1 170","TT1",2009,1,3,"169 TT1 170_2009"
"262","Gudmedalen","Gud4",170,169,"169 TT1 170","TT1",2011,1,3,"169 TT1 170_2011"
"263","Gudmedalen","Gud4",170,169,"169 TT1 170","TT1",2012,1,3,"169 TT1 170_2012"
"264","Gudmedalen","Gud4",170,169,"169 TT1 170","TT1",2013,1,3,"169 TT1 170_2013"
"265","Ulvhaugen","Ulv4",17,17,"17 TTC","TTC",2009,1,1,"17 TTC_2009"
"266","Ulvhaugen","Ulv4",17,17,"17 TTC","TTC",2011,1,1,"17 TTC_2011"
"267","Ulvhaugen","Ulv4",17,17,"17 TTC","TTC",2012,1,1,"17 TTC_2012"
"268","Ulvhaugen","Ulv4",17,17,"17 TTC","TTC",2013,1,1,"17 TTC_2013"
"269","Ulvhaugen","Ulv4",17,17,"17 TTC","TTC",2015,1,1,"17 TTC_2015"
"270","Ulvhaugen","Ulv4",17,17,"17 TTC","TTC",2016,1,1,"17 TTC_2016"
"271","Rambera","Ram4",195,170,"170 TT2 195","TT2",2009,2,3,"170 TT2 195_2009"
"272","Rambera","Ram4",195,170,"170 TT2 195","TT2",2011,2,3,"170 TT2 195_2011"
"273","Rambera","Ram4",195,170,"170 TT2 195","TT2",2012,2,3,"170 TT2 195_2012"
"274","Rambera","Ram4",195,170,"170 TT2 195","TT2",2013,2,3,"170 TT2 195_2013"
"275","Rambera","Ram4",195,170,"170 TT2 195","TT2",2015,2,3,"170 TT2 195_2015"
"276","Ulvhaugen","Ulv4",19,18,"18 TT1 19","TT1",2009,1,1,"18 TT1 19_2009"
"277","Ulvhaugen","Ulv4",19,18,"18 TT1 19","TT1",2011,1,1,"18 TT1 19_2011"
"278","Ulvhaugen","Ulv4",19,18,"18 TT1 19","TT1",2012,1,1,"18 TT1 19_2012"
"279","Ulvhaugen","Ulv4",19,18,"18 TT1 19","TT1",2013,1,1,"18 TT1 19_2013"
"280","Lavisdalen","Lav2",83,19,"19 TT3 83","TT3",2009,1,2,"19 TT3 83_2009"
"281","Lavisdalen","Lav2",83,19,"19 TT3 83","TT3",2011,1,2,"19 TT3 83_2011"
"282","Lavisdalen","Lav2",83,19,"19 TT3 83","TT3",2012,1,2,"19 TT3 83_2012"
"283","Lavisdalen","Lav2",83,19,"19 TT3 83","TT3",2013,1,2,"19 TT3 83_2013"
"284","Lavisdalen","Lav2",83,19,"19 TT3 83","TT3",2015,1,2,"19 TT3 83_2015"
"285","Arhelleren","Arh4",227,191,"191 TT2 227","TT2",2009,3,3,"191 TT2 227_2009"
"286","Arhelleren","Arh4",227,191,"191 TT2 227","TT2",2011,3,3,"191 TT2 227_2011"
"287","Arhelleren","Arh4",227,191,"191 TT2 227","TT2",2012,3,3,"191 TT2 227_2012"
"288","Arhelleren","Arh4",227,191,"191 TT2 227","TT2",2013,3,3,"191 TT2 227_2013"
"289","Arhelleren","Arh4",227,191,"191 TT2 227","TT2",2015,3,3,"191 TT2 227_2015"
"290","Ovstedal","Ovs3",299,192,"192 TT4 299","TT4",2009,3,4,"192 TT4 299_2009"
"291","Ovstedal","Ovs3",299,192,"192 TT4 299","TT4",2011,3,4,"192 TT4 299_2011"
"292","Ovstedal","Ovs3",299,192,"192 TT4 299","TT4",2012,3,4,"192 TT4 299_2012"
"293","Ovstedal","Ovs3",299,192,"192 TT4 299","TT4",2013,3,4,"192 TT4 299_2013"
"294","Ovstedal","Ovs3",299,192,"192 TT4 299","TT4",2015,3,4,"192 TT4 299_2015"
"295","Rambera","Ram4",191,193,"193 TT1 191","TT1",2009,2,3,"193 TT1 191_2009"
"296","Rambera","Ram4",191,193,"193 TT1 191","TT1",2011,2,3,"193 TT1 191_2011"
"297","Rambera","Ram4",191,193,"193 TT1 191","TT1",2012,2,3,"193 TT1 191_2012"
"298","Rambera","Ram4",191,193,"193 TT1 191","TT1",2013,2,3,"193 TT1 191_2013"
"299","Rambera","Ram4",194,194,"194 TTC","TTC",2009,2,3,"194 TTC_2009"
"300","Rambera","Ram4",194,194,"194 TTC","TTC",2011,2,3,"194 TTC_2011"
"301","Rambera","Ram4",194,194,"194 TTC","TTC",2012,2,3,"194 TTC_2012"
"302","Rambera","Ram4",194,194,"194 TTC","TTC",2013,2,3,"194 TTC_2013"
"303","Rambera","Ram4",194,194,"194 TTC","TTC",2015,2,3,"194 TTC_2015"
"304","Rambera","Ram4",194,194,"194 TTC","TTC",2016,2,3,"194 TTC_2016"
"305","Veskre","Ves4",276,195,"195 TT3 276","TT3",2009,2,4,"195 TT3 276_2009"
"306","Veskre","Ves4",276,195,"195 TT3 276","TT3",2011,2,4,"195 TT3 276_2011"
"307","Veskre","Ves4",276,195,"195 TT3 276","TT3",2012,2,4,"195 TT3 276_2012"
"308","Veskre","Ves4",276,195,"195 TT3 276","TT3",2013,2,4,"195 TT3 276_2013"
"309","Veskre","Ves4",276,195,"195 TT3 276","TT3",2015,2,4,"195 TT3 276_2015"
"310","Veskre","Ves5",282,196,"196 TT3 282","TT3",2009,2,4,"196 TT3 282_2009"
"311","Veskre","Ves5",282,196,"196 TT3 282","TT3",2011,2,4,"196 TT3 282_2011"
"312","Veskre","Ves5",282,196,"196 TT3 282","TT3",2012,2,4,"196 TT3 282_2012"
"313","Veskre","Ves5",282,196,"196 TT3 282","TT3",2013,2,4,"196 TT3 282_2013"
"314","Veskre","Ves5",282,196,"196 TT3 282","TT3",2015,2,4,"196 TT3 282_2015"
"315","Arhelleren","Arh1",215,197,"197 TT2 215","TT2",2009,3,3,"197 TT2 215_2009"
"316","Arhelleren","Arh1",215,197,"197 TT2 215","TT2",2011,3,3,"197 TT2 215_2011"
"317","Arhelleren","Arh1",215,197,"197 TT2 215","TT2",2012,3,3,"197 TT2 215_2012"
"318","Arhelleren","Arh1",215,197,"197 TT2 215","TT2",2013,3,3,"197 TT2 215_2013"
"319","Arhelleren","Arh1",215,197,"197 TT2 215","TT2",2015,3,3,"197 TT2 215_2015"
"320","Rambera","Ram5",198,198,"198 TTC","TTC",2009,2,3,"198 TTC_2009"
"321","Rambera","Ram5",198,198,"198 TTC","TTC",2011,2,3,"198 TTC_2011"
"322","Rambera","Ram5",198,198,"198 TTC","TTC",2012,2,3,"198 TTC_2012"
"323","Rambera","Ram5",198,198,"198 TTC","TTC",2013,2,3,"198 TTC_2013"
"324","Rambera","Ram5",198,198,"198 TTC","TTC",2015,2,3,"198 TTC_2015"
"325","Rambera","Ram5",198,198,"198 TTC","TTC",2016,2,3,"198 TTC_2016"
"326","Ovstedal","Ovs5",308,199,"199 TT4 308","TT4",2009,3,4,"199 TT4 308_2009"
"327","Ovstedal","Ovs5",308,199,"199 TT4 308","TT4",2011,3,4,"199 TT4 308_2011"
"328","Ovstedal","Ovs5",308,199,"199 TT4 308","TT4",2012,3,4,"199 TT4 308_2012"
"329","Ovstedal","Ovs5",308,199,"199 TT4 308","TT4",2013,3,4,"199 TT4 308_2013"
"330","Ovstedal","Ovs5",308,199,"199 TT4 308","TT4",2015,3,4,"199 TT4 308_2015"
"331","Hogsete","Hog1",103,2,"2 TT4 103","TT4",2009,2,2,"2 TT4 103_2009"
"332","Hogsete","Hog1",103,2,"2 TT4 103","TT4",2011,2,2,"2 TT4 103_2011"
"333","Hogsete","Hog1",103,2,"2 TT4 103","TT4",2012,2,2,"2 TT4 103_2012"
"334","Hogsete","Hog1",103,2,"2 TT4 103","TT4",2013,2,2,"2 TT4 103_2013"
"335","Hogsete","Hog1",103,2,"2 TT4 103","TT4",2015,2,2,"2 TT4 103_2015"
"336","Hogsete","Hog4",119,20,"20 TT4 119","TT4",2009,2,2,"20 TT4 119_2009"
"337","Hogsete","Hog4",119,20,"20 TT4 119","TT4",2011,2,2,"20 TT4 119_2011"
"338","Hogsete","Hog4",119,20,"20 TT4 119","TT4",2013,2,2,"20 TT4 119_2013"
"339","Hogsete","Hog4",119,20,"20 TT4 119","TT4",2015,2,2,"20 TT4 119_2015"
"340","Rambera","Ram5",196,200,"200 TT1 196","TT1",2009,2,3,"200 TT1 196_2009"
"341","Rambera","Ram5",196,200,"200 TT1 196","TT1",2011,2,3,"200 TT1 196_2011"
"342","Rambera","Ram5",196,200,"200 TT1 196","TT1",2012,2,3,"200 TT1 196_2012"
"343","Rambera","Ram5",196,200,"200 TT1 196","TT1",2013,2,3,"200 TT1 196_2013"
"344","Rambera","Ram6",203,203,"203 TTC","TTC",2009,2,3,"203 TTC_2009"
"345","Rambera","Ram6",203,203,"203 TTC","TTC",2011,2,3,"203 TTC_2011"
"346","Rambera","Ram6",203,203,"203 TTC","TTC",2012,2,3,"203 TTC_2012"
"347","Rambera","Ram6",203,203,"203 TTC","TTC",2013,2,3,"203 TTC_2013"
"348","Rambera","Ram6",203,203,"203 TTC","TTC",2015,2,3,"203 TTC_2015"
"349","Rambera","Ram6",203,203,"203 TTC","TTC",2016,2,3,"203 TTC_2016"
"350","Ovstedal","Ovs1",290,204,"204 TT4 290","TT4",2009,3,4,"204 TT4 290_2009"
"351","Ovstedal","Ovs1",290,204,"204 TT4 290","TT4",2011,3,4,"204 TT4 290_2011"
"352","Ovstedal","Ovs1",290,204,"204 TT4 290","TT4",2012,3,4,"204 TT4 290_2012"
"353","Ovstedal","Ovs1",290,204,"204 TT4 290","TT4",2013,3,4,"204 TT4 290_2013"
"354","Ovstedal","Ovs1",290,204,"204 TT4 290","TT4",2015,3,4,"204 TT4 290_2015"
"355","Veskre","Ves1",546,206,"206 TT3 546","TT3",2009,2,4,"206 TT3 546_2009"
"356","Veskre","Ves1",546,206,"206 TT3 546","TT3",2011,2,4,"206 TT3 546_2011"
"357","Veskre","Ves1",546,206,"206 TT3 546","TT3",2012,2,4,"206 TT3 546_2012"
"358","Veskre","Ves1",546,206,"206 TT3 546","TT3",2013,2,4,"206 TT3 546_2013"
"359","Veskre","Ves1",546,206,"206 TT3 546","TT3",2015,2,4,"206 TT3 546_2015"
"360","Arhelleren","Arh2",541,208,"208 TT2 541","TT2",2009,3,3,"208 TT2 541_2009"
"361","Arhelleren","Arh2",541,208,"208 TT2 541","TT2",2011,3,3,"208 TT2 541_2011"
"362","Arhelleren","Arh2",541,208,"208 TT2 541","TT2",2012,3,3,"208 TT2 541_2012"
"363","Arhelleren","Arh2",541,208,"208 TT2 541","TT2",2013,3,3,"208 TT2 541_2013"
"364","Arhelleren","Arh2",541,208,"208 TT2 541","TT2",2015,3,3,"208 TT2 541_2015"
"365","Rambera","Ram6",210,209,"209 TT1 210","TT1",2009,2,3,"209 TT1 210_2009"
"366","Rambera","Ram6",210,209,"209 TT1 210","TT1",2011,2,3,"209 TT1 210_2011"
"367","Rambera","Ram6",210,209,"209 TT1 210","TT1",2012,2,3,"209 TT1 210_2012"
"368","Rambera","Ram6",210,209,"209 TT1 210","TT1",2013,2,3,"209 TT1 210_2013"
"369","Hogsete","Hog5",123,21,"21 TT4 123","TT4",2009,2,2,"21 TT4 123_2009"
"370","Hogsete","Hog5",123,21,"21 TT4 123","TT4",2011,2,2,"21 TT4 123_2011"
"371","Hogsete","Hog5",123,21,"21 TT4 123","TT4",2012,2,2,"21 TT4 123_2012"
"372","Hogsete","Hog5",123,21,"21 TT4 123","TT4",2013,2,2,"21 TT4 123_2013"
"373","Hogsete","Hog5",123,21,"21 TT4 123","TT4",2015,2,2,"21 TT4 123_2015"
"374","Arhelleren","Arh1",211,211,"211 TTC","TTC",2009,3,3,"211 TTC_2009"
"375","Arhelleren","Arh1",211,211,"211 TTC","TTC",2011,3,3,"211 TTC_2011"
"376","Arhelleren","Arh1",211,211,"211 TTC","TTC",2012,3,3,"211 TTC_2012"
"377","Arhelleren","Arh1",211,211,"211 TTC","TTC",2013,3,3,"211 TTC_2013"
"378","Arhelleren","Arh1",211,211,"211 TTC","TTC",2015,3,3,"211 TTC_2015"
"379","Arhelleren","Arh1",211,211,"211 TTC","TTC",2016,3,3,"211 TTC_2016"
"380","Ovstedal","Ovs4",304,214,"214 TT3 304","TT3",2009,3,4,"214 TT3 304_2009"
"381","Ovstedal","Ovs4",304,214,"214 TT3 304","TT3",2011,3,4,"214 TT3 304_2011"
"382","Ovstedal","Ovs4",304,214,"214 TT3 304","TT3",2012,3,4,"214 TT3 304_2012"
"383","Ovstedal","Ovs4",304,214,"214 TT3 304","TT3",2013,3,4,"214 TT3 304_2013"
"384","Ovstedal","Ovs4",304,214,"214 TT3 304","TT3",2015,3,4,"214 TT3 304_2015"
"385","Arhelleren","Arh1",212,215,"215 TT1 212","TT1",2009,3,3,"215 TT1 212_2009"
"386","Arhelleren","Arh1",212,215,"215 TT1 212","TT1",2011,3,3,"215 TT1 212_2011"
"387","Arhelleren","Arh1",212,215,"215 TT1 212","TT1",2012,3,3,"215 TT1 212_2012"
"388","Arhelleren","Arh1",212,215,"215 TT1 212","TT1",2013,3,3,"215 TT1 212_2013"
"389","Arhelleren","Arh2",216,216,"216 TTC","TTC",2009,3,3,"216 TTC_2009"
"390","Arhelleren","Arh2",216,216,"216 TTC","TTC",2011,3,3,"216 TTC_2011"
"391","Arhelleren","Arh2",216,216,"216 TTC","TTC",2012,3,3,"216 TTC_2012"
"392","Arhelleren","Arh2",216,216,"216 TTC","TTC",2013,3,3,"216 TTC_2013"
"393","Arhelleren","Arh2",216,216,"216 TTC","TTC",2015,3,3,"216 TTC_2015"
"394","Arhelleren","Arh2",216,216,"216 TTC","TTC",2016,3,3,"216 TTC_2016"
"395","Ovstedal","Ovs1",287,219,"219 TT3 287","TT3",2009,3,4,"219 TT3 287_2009"
"396","Ovstedal","Ovs1",287,219,"219 TT3 287","TT3",2011,3,4,"219 TT3 287_2011"
"397","Ovstedal","Ovs1",287,219,"219 TT3 287","TT3",2012,3,4,"219 TT3 287_2012"
"398","Ovstedal","Ovs1",287,219,"219 TT3 287","TT3",2013,3,4,"219 TT3 287_2013"
"399","Ovstedal","Ovs1",287,219,"219 TT3 287","TT3",2015,3,4,"219 TT3 287_2015"
"400","Lavisdalen","Lav3",90,22,"22 TT3 90","TT3",2009,1,2,"22 TT3 90_2009"
"401","Lavisdalen","Lav3",90,22,"22 TT3 90","TT3",2011,1,2,"22 TT3 90_2011"
"402","Lavisdalen","Lav3",90,22,"22 TT3 90","TT3",2012,1,2,"22 TT3 90_2012"
"403","Lavisdalen","Lav3",90,22,"22 TT3 90","TT3",2013,1,2,"22 TT3 90_2013"
"404","Lavisdalen","Lav3",90,22,"22 TT3 90","TT3",2015,1,2,"22 TT3 90_2015"
"405","Arhelleren","Arh2",218,220,"220 TT1 218","TT1",2009,3,3,"220 TT1 218_2009"
"406","Arhelleren","Arh2",218,220,"220 TT1 218","TT1",2011,3,3,"220 TT1 218_2011"
"407","Arhelleren","Arh2",218,220,"220 TT1 218","TT1",2012,3,3,"220 TT1 218_2012"
"408","Arhelleren","Arh2",218,220,"220 TT1 218","TT1",2013,3,3,"220 TT1 218_2013"
"409","Ovstedal","Ovs2",292,221,"221 TT3 292","TT3",2009,3,4,"221 TT3 292_2009"
"410","Ovstedal","Ovs2",292,221,"221 TT3 292","TT3",2011,3,4,"221 TT3 292_2011"
"411","Ovstedal","Ovs2",292,221,"221 TT3 292","TT3",2012,3,4,"221 TT3 292_2012"
"412","Ovstedal","Ovs2",292,221,"221 TT3 292","TT3",2013,3,4,"221 TT3 292_2013"
"413","Ovstedal","Ovs2",292,221,"221 TT3 292","TT3",2015,3,4,"221 TT3 292_2015"
"414","Arhelleren","Arh3",222,222,"222 TTC","TTC",2009,3,3,"222 TTC_2009"
"415","Arhelleren","Arh3",222,222,"222 TTC","TTC",2011,3,3,"222 TTC_2011"
"416","Arhelleren","Arh3",222,222,"222 TTC","TTC",2012,3,3,"222 TTC_2012"
"417","Arhelleren","Arh3",222,222,"222 TTC","TTC",2013,3,3,"222 TTC_2013"
"418","Arhelleren","Arh3",222,222,"222 TTC","TTC",2015,3,3,"222 TTC_2015"
"419","Arhelleren","Arh3",222,222,"222 TTC","TTC",2016,3,3,"222 TTC_2016"
"420","Arhelleren","Arh3",223,224,"224 TT1 223","TT1",2009,3,3,"224 TT1 223_2009"
"421","Arhelleren","Arh3",223,224,"224 TT1 223","TT1",2011,3,3,"224 TT1 223_2011"
"422","Arhelleren","Arh3",223,224,"224 TT1 223","TT1",2012,3,3,"224 TT1 223_2012"
"423","Arhelleren","Arh3",223,224,"224 TT1 223","TT1",2013,3,3,"224 TT1 223_2013"
"424","Arhelleren","Arh4",226,226,"226 TTC","TTC",2009,3,3,"226 TTC_2009"
"425","Arhelleren","Arh4",226,226,"226 TTC","TTC",2011,3,3,"226 TTC_2011"
"426","Arhelleren","Arh4",226,226,"226 TTC","TTC",2012,3,3,"226 TTC_2012"
"427","Arhelleren","Arh4",226,226,"226 TTC","TTC",2013,3,3,"226 TTC_2013"
"428","Arhelleren","Arh4",226,226,"226 TTC","TTC",2015,3,3,"226 TTC_2015"
"429","Arhelleren","Arh4",226,226,"226 TTC","TTC",2016,3,3,"226 TTC_2016"
"430","Ovstedal","Ovs3",296,227,"227 TT3 296","TT3",2009,3,4,"227 TT3 296_2009"
"431","Ovstedal","Ovs3",296,227,"227 TT3 296","TT3",2011,3,4,"227 TT3 296_2011"
"432","Ovstedal","Ovs3",296,227,"227 TT3 296","TT3",2012,3,4,"227 TT3 296_2012"
"433","Ovstedal","Ovs3",296,227,"227 TT3 296","TT3",2013,3,4,"227 TT3 296_2013"
"434","Ovstedal","Ovs3",296,227,"227 TT3 296","TT3",2015,3,4,"227 TT3 296_2015"
"435","Arhelleren","Arh4",228,229,"229 TT1 228","TT1",2009,3,3,"229 TT1 228_2009"
"436","Arhelleren","Arh4",228,229,"229 TT1 228","TT1",2011,3,3,"229 TT1 228_2011"
"437","Arhelleren","Arh4",228,229,"229 TT1 228","TT1",2012,3,3,"229 TT1 228_2012"
"438","Arhelleren","Arh4",228,229,"229 TT1 228","TT1",2013,3,3,"229 TT1 228_2013"
"439","Ulvhaugen","Ulv5",23,23,"23 TTC","TTC",2009,1,1,"23 TTC_2009"
"440","Ulvhaugen","Ulv5",23,23,"23 TTC","TTC",2011,1,1,"23 TTC_2011"
"441","Ulvhaugen","Ulv5",23,23,"23 TTC","TTC",2012,1,1,"23 TTC_2012"
"442","Ulvhaugen","Ulv5",23,23,"23 TTC","TTC",2013,1,1,"23 TTC_2013"
"443","Ulvhaugen","Ulv5",23,23,"23 TTC","TTC",2015,1,1,"23 TTC_2015"
"444","Ulvhaugen","Ulv5",23,23,"23 TTC","TTC",2016,1,1,"23 TTC_2016"
"445","Arhelleren","Arh5",232,231,"231 TT1 232","TT1",2009,3,3,"231 TT1 232_2009"
"446","Arhelleren","Arh5",232,231,"231 TT1 232","TT1",2011,3,3,"231 TT1 232_2011"
"447","Arhelleren","Arh5",232,231,"231 TT1 232","TT1",2012,3,3,"231 TT1 232_2012"
"448","Arhelleren","Arh5",232,231,"231 TT1 232","TT1",2013,3,3,"231 TT1 232_2013"
"449","Ovstedal","Ovs5",306,232,"232 TT3 306","TT3",2009,3,4,"232 TT3 306_2009"
"450","Ovstedal","Ovs5",306,232,"232 TT3 306","TT3",2011,3,4,"232 TT3 306_2011"
"451","Ovstedal","Ovs5",306,232,"232 TT3 306","TT3",2012,3,4,"232 TT3 306_2012"
"452","Ovstedal","Ovs5",306,232,"232 TT3 306","TT3",2013,3,4,"232 TT3 306_2013"
"453","Ovstedal","Ovs5",306,232,"232 TT3 306","TT3",2015,3,4,"232 TT3 306_2015"
"454","Arhelleren","Arh5",234,234,"234 TTC","TTC",2009,3,3,"234 TTC_2009"
"455","Arhelleren","Arh5",234,234,"234 TTC","TTC",2011,3,3,"234 TTC_2011"
"456","Arhelleren","Arh5",234,234,"234 TTC","TTC",2012,3,3,"234 TTC_2012"
"457","Arhelleren","Arh5",234,234,"234 TTC","TTC",2013,3,3,"234 TTC_2013"
"458","Arhelleren","Arh5",234,234,"234 TTC","TTC",2015,3,3,"234 TTC_2015"
"459","Arhelleren","Arh5",234,234,"234 TTC","TTC",2016,3,3,"234 TTC_2016"
"460","Skjellingahaugen","Skj1",236,236,"236 TTC","TTC",2009,1,4,"236 TTC_2009"
"461","Skjellingahaugen","Skj1",236,236,"236 TTC","TTC",2011,1,4,"236 TTC_2011"
"462","Skjellingahaugen","Skj1",236,236,"236 TTC","TTC",2012,1,4,"236 TTC_2012"
"463","Skjellingahaugen","Skj1",236,236,"236 TTC","TTC",2013,1,4,"236 TTC_2013"
"464","Skjellingahaugen","Skj1",236,236,"236 TTC","TTC",2015,1,4,"236 TTC_2015"
"465","Skjellingahaugen","Skj1",236,236,"236 TTC","TTC",2016,1,4,"236 TTC_2016"
"466","Veskre","Ves4",279,237,"237 TT2 279","TT2",2009,2,4,"237 TT2 279_2009"
"467","Veskre","Ves4",279,237,"237 TT2 279","TT2",2011,2,4,"237 TT2 279_2011"
"468","Veskre","Ves4",279,237,"237 TT2 279","TT2",2012,2,4,"237 TT2 279_2012"
"469","Veskre","Ves4",279,237,"237 TT2 279","TT2",2013,2,4,"237 TT2 279_2013"
"470","Veskre","Ves4",279,237,"237 TT2 279","TT2",2015,2,4,"237 TT2 279_2015"
"471","Skjellingahaugen","Skj1",237,238,"238 TT1 237","TT1",2009,1,4,"238 TT1 237_2009"
"472","Skjellingahaugen","Skj1",237,238,"238 TT1 237","TT1",2011,1,4,"238 TT1 237_2011"
"473","Skjellingahaugen","Skj1",237,238,"238 TT1 237","TT1",2012,1,4,"238 TT1 237_2012"
"474","Skjellingahaugen","Skj1",237,238,"238 TT1 237","TT1",2013,1,4,"238 TT1 237_2013"
"475","Alrust","Alr5",49,24,"24 TT2 49","TT2",2009,2,1,"24 TT2 49_2009"
"476","Alrust","Alr5",49,24,"24 TT2 49","TT2",2011,2,1,"24 TT2 49_2011"
"477","Alrust","Alr5",49,24,"24 TT2 49","TT2",2012,2,1,"24 TT2 49_2012"
"478","Alrust","Alr5",49,24,"24 TT2 49","TT2",2013,2,1,"24 TT2 49_2013"
"479","Alrust","Alr5",49,24,"24 TT2 49","TT2",2015,2,1,"24 TT2 49_2015"
"480","Skjellingahaugen","Skj2",242,241,"241 TT1 242","TT1",2009,1,4,"241 TT1 242_2009"
"481","Skjellingahaugen","Skj2",242,241,"241 TT1 242","TT1",2011,1,4,"241 TT1 242_2011"
"482","Skjellingahaugen","Skj2",242,241,"241 TT1 242","TT1",2012,1,4,"241 TT1 242_2012"
"483","Skjellingahaugen","Skj2",242,241,"241 TT1 242","TT1",2013,1,4,"241 TT1 242_2013"
"484","Veskre","Ves2",268,242,"242 TT2 268","TT2",2009,2,4,"242 TT2 268_2009"
"485","Veskre","Ves2",268,242,"242 TT2 268","TT2",2011,2,4,"242 TT2 268_2011"
"486","Veskre","Ves2",268,242,"242 TT2 268","TT2",2012,2,4,"242 TT2 268_2012"
"487","Veskre","Ves2",268,242,"242 TT2 268","TT2",2013,2,4,"242 TT2 268_2013"
"488","Veskre","Ves2",268,242,"242 TT2 268","TT2",2015,2,4,"242 TT2 268_2015"
"489","Skjellingahaugen","Skj2",243,243,"243 TTC","TTC",2009,1,4,"243 TTC_2009"
"490","Skjellingahaugen","Skj2",243,243,"243 TTC","TTC",2011,1,4,"243 TTC_2011"
"491","Skjellingahaugen","Skj2",243,243,"243 TTC","TTC",2012,1,4,"243 TTC_2012"
"492","Skjellingahaugen","Skj2",243,243,"243 TTC","TTC",2013,1,4,"243 TTC_2013"
"493","Skjellingahaugen","Skj2",243,243,"243 TTC","TTC",2015,1,4,"243 TTC_2015"
"494","Skjellingahaugen","Skj2",243,243,"243 TTC","TTC",2016,1,4,"243 TTC_2016"
"495","Ulvhaugen","Ulv5",21,25,"25 TT1 21","TT1",2009,1,1,"25 TT1 21_2009"
"496","Ulvhaugen","Ulv5",21,25,"25 TT1 21","TT1",2011,1,1,"25 TT1 21_2011"
"497","Ulvhaugen","Ulv5",21,25,"25 TT1 21","TT1",2012,1,1,"25 TT1 21_2012"
"498","Ulvhaugen","Ulv5",21,25,"25 TT1 21","TT1",2013,1,1,"25 TT1 21_2013"
"499","Veskre","Ves5",283,257,"257 TT2 283","TT2",2009,2,4,"257 TT2 283_2009"
"500","Veskre","Ves5",283,257,"257 TT2 283","TT2",2011,2,4,"257 TT2 283_2011"
"501","Veskre","Ves5",283,257,"257 TT2 283","TT2",2012,2,4,"257 TT2 283_2012"
"502","Veskre","Ves5",283,257,"257 TT2 283","TT2",2013,2,4,"257 TT2 283_2013"
"503","Veskre","Ves5",283,257,"257 TT2 283","TT2",2015,2,4,"257 TT2 283_2015"
"504","Skjellingahaugen","Skj5",257,258,"258 TT1 257","TT1",2009,1,4,"258 TT1 257_2009"
"505","Skjellingahaugen","Skj5",257,258,"258 TT1 257","TT1",2011,1,4,"258 TT1 257_2011"
"506","Skjellingahaugen","Skj5",257,258,"258 TT1 257","TT1",2012,1,4,"258 TT1 257_2012"
"507","Skjellingahaugen","Skj5",257,258,"258 TT1 257","TT1",2013,1,4,"258 TT1 257_2013"
"508","Fauske","Fau1",53,26,"26 TT2 53","TT2",2009,3,1,"26 TT2 53_2009"
"509","Fauske","Fau1",53,26,"26 TT2 53","TT2",2011,3,1,"26 TT2 53_2011"
"510","Fauske","Fau1",53,26,"26 TT2 53","TT2",2012,3,1,"26 TT2 53_2012"
"511","Fauske","Fau1",53,26,"26 TT2 53","TT2",2013,3,1,"26 TT2 53_2013"
"512","Fauske","Fau1",53,26,"26 TT2 53","TT2",2015,3,1,"26 TT2 53_2015"
"513","Skjellingahaugen","Skj5",260,260,"260 TTC","TTC",2009,1,4,"260 TTC_2009"
"514","Skjellingahaugen","Skj5",260,260,"260 TTC","TTC",2011,1,4,"260 TTC_2011"
"515","Skjellingahaugen","Skj5",260,260,"260 TTC","TTC",2012,1,4,"260 TTC_2012"
"516","Skjellingahaugen","Skj5",260,260,"260 TTC","TTC",2013,1,4,"260 TTC_2013"
"517","Skjellingahaugen","Skj5",260,260,"260 TTC","TTC",2015,1,4,"260 TTC_2015"
"518","Skjellingahaugen","Skj5",260,260,"260 TTC","TTC",2016,1,4,"260 TTC_2016"
"519","Ovstedal","Ovs4",303,261,"261 TT2 303","TT2",2009,3,4,"261 TT2 303_2009"
"520","Ovstedal","Ovs4",303,261,"261 TT2 303","TT2",2011,3,4,"261 TT2 303_2011"
"521","Ovstedal","Ovs4",303,261,"261 TT2 303","TT2",2012,3,4,"261 TT2 303_2012"
"522","Ovstedal","Ovs4",303,261,"261 TT2 303","TT2",2013,3,4,"261 TT2 303_2013"
"523","Ovstedal","Ovs4",303,261,"261 TT2 303","TT2",2015,3,4,"261 TT2 303_2015"
"524","Veskre","Ves1",265,262,"262 TT1 265","TT1",2009,2,4,"262 TT1 265_2009"
"525","Veskre","Ves1",265,262,"262 TT1 265","TT1",2011,2,4,"262 TT1 265_2011"
"526","Veskre","Ves1",265,262,"262 TT1 265","TT1",2012,2,4,"262 TT1 265_2012"
"527","Veskre","Ves1",265,262,"262 TT1 265","TT1",2013,2,4,"262 TT1 265_2013"
"528","Veskre","Ves1",263,263,"263 TTC","TTC",2009,2,4,"263 TTC_2009"
"529","Veskre","Ves1",263,263,"263 TTC","TTC",2011,2,4,"263 TTC_2011"
"530","Veskre","Ves1",263,263,"263 TTC","TTC",2012,2,4,"263 TTC_2012"
"531","Veskre","Ves1",263,263,"263 TTC","TTC",2013,2,4,"263 TTC_2013"
"532","Veskre","Ves1",263,263,"263 TTC","TTC",2015,2,4,"263 TTC_2015"
"533","Veskre","Ves1",263,263,"263 TTC","TTC",2016,2,4,"263 TTC_2016"
"534","Ovstedal","Ovs1",289,266,"266 TT2 289","TT2",2009,3,4,"266 TT2 289_2009"
"535","Ovstedal","Ovs1",289,266,"266 TT2 289","TT2",2011,3,4,"266 TT2 289_2011"
"536","Ovstedal","Ovs1",289,266,"266 TT2 289","TT2",2012,3,4,"266 TT2 289_2012"
"537","Ovstedal","Ovs1",289,266,"266 TT2 289","TT2",2013,3,4,"266 TT2 289_2013"
"538","Ovstedal","Ovs1",289,266,"266 TT2 289","TT2",2015,3,4,"266 TT2 289_2015"
"539","Veskre","Ves2",548,267,"267 TT1 548","TT1",2009,2,4,"267 TT1 548_2009"
"540","Veskre","Ves2",548,267,"267 TT1 548","TT1",2011,2,4,"267 TT1 548_2011"
"541","Veskre","Ves2",548,267,"267 TT1 548","TT1",2012,2,4,"267 TT1 548_2012"
"542","Veskre","Ves2",548,267,"267 TT1 548","TT1",2013,2,4,"267 TT1 548_2013"
"543","Hogsete","Hog1",104,27,"27 TT3 104","TT3",2009,2,2,"27 TT3 104_2009"
"544","Hogsete","Hog1",104,27,"27 TT3 104","TT3",2011,2,2,"27 TT3 104_2011"
"545","Hogsete","Hog1",104,27,"27 TT3 104","TT3",2012,2,2,"27 TT3 104_2012"
"546","Hogsete","Hog1",104,27,"27 TT3 104","TT3",2013,2,2,"27 TT3 104_2013"
"547","Hogsete","Hog1",104,27,"27 TT3 104","TT3",2015,2,2,"27 TT3 104_2015"
"548","Veskre","Ves2",270,270,"270 TTC","TTC",2009,2,4,"270 TTC_2009"
"549","Veskre","Ves2",270,270,"270 TTC","TTC",2011,2,4,"270 TTC_2011"
"550","Veskre","Ves2",270,270,"270 TTC","TTC",2012,2,4,"270 TTC_2012"
"551","Veskre","Ves2",270,270,"270 TTC","TTC",2013,2,4,"270 TTC_2013"
"552","Veskre","Ves2",270,270,"270 TTC","TTC",2015,2,4,"270 TTC_2015"
"553","Veskre","Ves2",270,270,"270 TTC","TTC",2016,2,4,"270 TTC_2016"
"554","Veskre","Ves3",271,271,"271 TTC","TTC",2009,2,4,"271 TTC_2009"
"555","Veskre","Ves3",271,271,"271 TTC","TTC",2011,2,4,"271 TTC_2011"
"556","Veskre","Ves3",271,271,"271 TTC","TTC",2012,2,4,"271 TTC_2012"
"557","Veskre","Ves3",271,271,"271 TTC","TTC",2013,2,4,"271 TTC_2013"
"558","Veskre","Ves3",271,271,"271 TTC","TTC",2015,2,4,"271 TTC_2015"
"559","Veskre","Ves3",271,271,"271 TTC","TTC",2016,2,4,"271 TTC_2016"
"560","Veskre","Ves3",275,272,"272 TT1 275","TT1",2009,2,4,"272 TT1 275_2009"
"561","Veskre","Ves3",275,272,"272 TT1 275","TT1",2011,2,4,"272 TT1 275_2011"
"562","Veskre","Ves3",275,272,"272 TT1 275","TT1",2012,2,4,"272 TT1 275_2012"
"563","Veskre","Ves3",275,272,"272 TT1 275","TT1",2013,2,4,"272 TT1 275_2013"
"564","Ovstedal","Ovs2",295,273,"273 TT2 295","TT2",2009,3,4,"273 TT2 295_2009"
"565","Ovstedal","Ovs2",295,273,"273 TT2 295","TT2",2011,3,4,"273 TT2 295_2011"
"566","Ovstedal","Ovs2",295,273,"273 TT2 295","TT2",2012,3,4,"273 TT2 295_2012"
"567","Ovstedal","Ovs2",295,273,"273 TT2 295","TT2",2013,3,4,"273 TT2 295_2013"
"568","Ovstedal","Ovs2",295,273,"273 TT2 295","TT2",2015,3,4,"273 TT2 295_2015"
"569","Veskre","Ves4",278,276,"276 TT1 278","TT1",2009,2,4,"276 TT1 278_2009"
"570","Veskre","Ves4",278,276,"276 TT1 278","TT1",2011,2,4,"276 TT1 278_2011"
"571","Veskre","Ves4",278,276,"276 TT1 278","TT1",2012,2,4,"276 TT1 278_2012"
"572","Veskre","Ves4",278,276,"276 TT1 278","TT1",2013,2,4,"276 TT1 278_2013"
"573","Ovstedal","Ovs3",551,277,"277 TT2 551","TT2",2009,3,4,"277 TT2 551_2009"
"574","Ovstedal","Ovs3",551,277,"277 TT2 551","TT2",2011,3,4,"277 TT2 551_2011"
"575","Ovstedal","Ovs3",551,277,"277 TT2 551","TT2",2012,3,4,"277 TT2 551_2012"
"576","Ovstedal","Ovs3",551,277,"277 TT2 551","TT2",2013,3,4,"277 TT2 551_2013"
"577","Ovstedal","Ovs3",551,277,"277 TT2 551","TT2",2015,3,4,"277 TT2 551_2015"
"578","Alrust","Alr1",30,28,"28 TT1 30","TT1",2009,2,1,"28 TT1 30_2009"
"579","Alrust","Alr1",30,28,"28 TT1 30","TT1",2011,2,1,"28 TT1 30_2011"
"580","Alrust","Alr1",30,28,"28 TT1 30","TT1",2012,2,1,"28 TT1 30_2012"
"581","Alrust","Alr1",30,28,"28 TT1 30","TT1",2013,2,1,"28 TT1 30_2013"
"582","Veskre","Ves4",280,280,"280 TTC","TTC",2009,2,4,"280 TTC_2009"
"583","Veskre","Ves4",280,280,"280 TTC","TTC",2011,2,4,"280 TTC_2011"
"584","Veskre","Ves4",280,280,"280 TTC","TTC",2012,2,4,"280 TTC_2012"
"585","Veskre","Ves4",280,280,"280 TTC","TTC",2013,2,4,"280 TTC_2013"
"586","Veskre","Ves4",280,280,"280 TTC","TTC",2015,2,4,"280 TTC_2015"
"587","Veskre","Ves5",281,281,"281 TTC","TTC",2009,2,4,"281 TTC_2009"
"588","Veskre","Ves5",281,281,"281 TTC","TTC",2011,2,4,"281 TTC_2011"
"589","Veskre","Ves5",281,281,"281 TTC","TTC",2012,2,4,"281 TTC_2012"
"590","Veskre","Ves5",281,281,"281 TTC","TTC",2013,2,4,"281 TTC_2013"
"591","Veskre","Ves5",281,281,"281 TTC","TTC",2015,2,4,"281 TTC_2015"
"592","Veskre","Ves5",281,281,"281 TTC","TTC",2016,2,4,"281 TTC_2016"
"593","Veskre","Ves5",285,284,"284 TT1 285","TT1",2009,2,4,"284 TT1 285_2009"
"594","Veskre","Ves5",285,284,"284 TT1 285","TT1",2011,2,4,"284 TT1 285_2011"
"595","Veskre","Ves5",285,284,"284 TT1 285","TT1",2012,2,4,"284 TT1 285_2012"
"596","Veskre","Ves5",285,284,"284 TT1 285","TT1",2013,2,4,"284 TT1 285_2013"
"597","Ovstedal","Ovs5",310,285,"285 TT2 310","TT2",2009,3,4,"285 TT2 310_2009"
"598","Ovstedal","Ovs5",310,285,"285 TT2 310","TT2",2011,3,4,"285 TT2 310_2011"
"599","Ovstedal","Ovs5",310,285,"285 TT2 310","TT2",2012,3,4,"285 TT2 310_2012"
"600","Ovstedal","Ovs5",310,285,"285 TT2 310","TT2",2013,3,4,"285 TT2 310_2013"
"601","Ovstedal","Ovs5",310,285,"285 TT2 310","TT2",2015,3,4,"285 TT2 310_2015"
"602","Ovstedal","Ovs1",286,286,"286 TTC","TTC",2009,3,4,"286 TTC_2009"
"603","Ovstedal","Ovs1",286,286,"286 TTC","TTC",2011,3,4,"286 TTC_2011"
"604","Ovstedal","Ovs1",286,286,"286 TTC","TTC",2012,3,4,"286 TTC_2012"
"605","Ovstedal","Ovs1",286,286,"286 TTC","TTC",2013,3,4,"286 TTC_2013"
"606","Ovstedal","Ovs1",286,286,"286 TTC","TTC",2015,3,4,"286 TTC_2015"
"607","Ovstedal","Ovs1",286,286,"286 TTC","TTC",2016,3,4,"286 TTC_2016"
"608","Ovstedal","Ovs1",288,287,"287 TT1 288","TT1",2009,3,4,"287 TT1 288_2009"
"609","Ovstedal","Ovs1",288,287,"287 TT1 288","TT1",2011,3,4,"287 TT1 288_2011"
"610","Ovstedal","Ovs1",288,287,"287 TT1 288","TT1",2012,3,4,"287 TT1 288_2012"
"611","Ovstedal","Ovs1",288,287,"287 TT1 288","TT1",2013,3,4,"287 TT1 288_2013"
"612","Alrust","Alr1",29,29,"29 TTC","TTC",2009,2,1,"29 TTC_2009"
"613","Alrust","Alr1",29,29,"29 TTC","TTC",2011,2,1,"29 TTC_2011"
"614","Alrust","Alr1",29,29,"29 TTC","TTC",2012,2,1,"29 TTC_2012"
"615","Alrust","Alr1",29,29,"29 TTC","TTC",2013,2,1,"29 TTC_2013"
"616","Alrust","Alr1",29,29,"29 TTC","TTC",2015,2,1,"29 TTC_2015"
"617","Alrust","Alr1",29,29,"29 TTC","TTC",2016,2,1,"29 TTC_2016"
"618","Ovstedal","Ovs2",291,291,"291 TTC","TTC",2009,3,4,"291 TTC_2009"
"619","Ovstedal","Ovs2",291,291,"291 TTC","TTC",2011,3,4,"291 TTC_2011"
"620","Ovstedal","Ovs2",291,291,"291 TTC","TTC",2012,3,4,"291 TTC_2012"
"621","Ovstedal","Ovs2",291,291,"291 TTC","TTC",2013,3,4,"291 TTC_2013"
"622","Ovstedal","Ovs2",291,291,"291 TTC","TTC",2015,3,4,"291 TTC_2015"
"623","Ovstedal","Ovs2",291,291,"291 TTC","TTC",2016,3,4,"291 TTC_2016"
"624","Ovstedal","Ovs2",293,292,"292 TT1 293","TT1",2009,3,4,"292 TT1 293_2009"
"625","Ovstedal","Ovs2",293,292,"292 TT1 293","TT1",2011,3,4,"292 TT1 293_2011"
"626","Ovstedal","Ovs2",293,292,"292 TT1 293","TT1",2012,3,4,"292 TT1 293_2012"
"627","Ovstedal","Ovs2",293,292,"292 TT1 293","TT1",2013,3,4,"292 TT1 293_2013"
"628","Ovstedal","Ovs3",300,296,"296 TT1 300","TT1",2009,3,4,"296 TT1 300_2009"
"629","Ovstedal","Ovs3",300,296,"296 TT1 300","TT1",2011,3,4,"296 TT1 300_2011"
"630","Ovstedal","Ovs3",300,296,"296 TT1 300","TT1",2012,3,4,"296 TT1 300_2012"
"631","Ovstedal","Ovs3",300,296,"296 TT1 300","TT1",2013,3,4,"296 TT1 300_2013"
"632","Ovstedal","Ovs3",297,297,"297 TTC","TTC",2009,3,4,"297 TTC_2009"
"633","Ovstedal","Ovs3",297,297,"297 TTC","TTC",2011,3,4,"297 TTC_2011"
"634","Ovstedal","Ovs3",297,297,"297 TTC","TTC",2012,3,4,"297 TTC_2012"
"635","Ovstedal","Ovs3",297,297,"297 TTC","TTC",2013,3,4,"297 TTC_2013"
"636","Ovstedal","Ovs3",297,297,"297 TTC","TTC",2015,3,4,"297 TTC_2015"
"637","Ovstedal","Ovs3",297,297,"297 TTC","TTC",2016,3,4,"297 TTC_2016"
"638","Ulvhaugen","Ulv1",1,3,"3 TT1 1","TT1",2009,1,1,"3 TT1 1_2009"
"639","Ulvhaugen","Ulv1",1,3,"3 TT1 1","TT1",2011,1,1,"3 TT1 1_2011"
"640","Ulvhaugen","Ulv1",1,3,"3 TT1 1","TT1",2012,1,1,"3 TT1 1_2012"
"641","Ulvhaugen","Ulv1",1,3,"3 TT1 1","TT1",2013,1,1,"3 TT1 1_2013"
"642","Vikesland","Vik2",132,30,"30 TT4 132","TT4",2009,3,2,"30 TT4 132_2009"
"643","Vikesland","Vik2",132,30,"30 TT4 132","TT4",2011,3,2,"30 TT4 132_2011"
"644","Vikesland","Vik2",132,30,"30 TT4 132","TT4",2012,3,2,"30 TT4 132_2012"
"645","Vikesland","Vik2",132,30,"30 TT4 132","TT4",2013,3,2,"30 TT4 132_2013"
"646","Vikesland","Vik2",132,30,"30 TT4 132","TT4",2015,3,2,"30 TT4 132_2015"
"647","Ovstedal","Ovs4",301,301,"301 TTC","TTC",2009,3,4,"301 TTC_2009"
"648","Ovstedal","Ovs4",301,301,"301 TTC","TTC",2011,3,4,"301 TTC_2011"
"649","Ovstedal","Ovs4",301,301,"301 TTC","TTC",2012,3,4,"301 TTC_2012"
"650","Ovstedal","Ovs4",301,301,"301 TTC","TTC",2013,3,4,"301 TTC_2013"
"651","Ovstedal","Ovs4",301,301,"301 TTC","TTC",2015,3,4,"301 TTC_2015"
"652","Ovstedal","Ovs4",301,301,"301 TTC","TTC",2016,3,4,"301 TTC_2016"
"653","Ovstedal","Ovs4",305,304,"304 TT1 305","TT1",2009,3,4,"304 TT1 305_2009"
"654","Ovstedal","Ovs4",305,304,"304 TT1 305","TT1",2011,3,4,"304 TT1 305_2011"
"655","Ovstedal","Ovs4",305,304,"304 TT1 305","TT1",2012,3,4,"304 TT1 305_2012"
"656","Ovstedal","Ovs4",305,304,"304 TT1 305","TT1",2013,3,4,"304 TT1 305_2013"
"657","Ovstedal","Ovs5",309,306,"306 TT1 309","TT1",2009,3,4,"306 TT1 309_2009"
"658","Ovstedal","Ovs5",309,306,"306 TT1 309","TT1",2011,3,4,"306 TT1 309_2011"
"659","Ovstedal","Ovs5",309,306,"306 TT1 309","TT1",2012,3,4,"306 TT1 309_2012"
"660","Ovstedal","Ovs5",309,306,"306 TT1 309","TT1",2013,3,4,"306 TT1 309_2013"
"661","Ovstedal","Ovs5",307,307,"307 TTC","TTC",2009,3,4,"307 TTC_2009"
"662","Ovstedal","Ovs5",307,307,"307 TTC","TTC",2011,3,4,"307 TTC_2011"
"663","Ovstedal","Ovs5",307,307,"307 TTC","TTC",2012,3,4,"307 TTC_2012"
"664","Ovstedal","Ovs5",307,307,"307 TTC","TTC",2013,3,4,"307 TTC_2013"
"665","Ovstedal","Ovs5",307,307,"307 TTC","TTC",2015,3,4,"307 TTC_2015"
"666","Ovstedal","Ovs5",307,307,"307 TTC","TTC",2016,3,4,"307 TTC_2016"
"667","Alrust","Alr2",31,31,"31 TTC","TTC",2009,2,1,"31 TTC_2009"
"668","Alrust","Alr2",31,31,"31 TTC","TTC",2011,2,1,"31 TTC_2011"
"669","Alrust","Alr2",31,31,"31 TTC","TTC",2012,2,1,"31 TTC_2012"
"670","Alrust","Alr2",31,31,"31 TTC","TTC",2013,2,1,"31 TTC_2013"
"671","Alrust","Alr2",31,31,"31 TTC","TTC",2015,2,1,"31 TTC_2015"
"672","Alrust","Alr2",31,31,"31 TTC","TTC",2016,2,1,"31 TTC_2016"
"673","Hogsete","Hog2",109,32,"32 TT3 109","TT3",2009,2,2,"32 TT3 109_2009"
"674","Hogsete","Hog2",109,32,"32 TT3 109","TT3",2011,2,2,"32 TT3 109_2011"
"675","Hogsete","Hog2",109,32,"32 TT3 109","TT3",2013,2,2,"32 TT3 109_2013"
"676","Hogsete","Hog2",109,32,"32 TT3 109","TT3",2015,2,2,"32 TT3 109_2015"
"677","Fauske","Fau2",58,33,"33 TT2 58","TT2",2009,3,1,"33 TT2 58_2009"
"678","Fauske","Fau2",58,33,"33 TT2 58","TT2",2011,3,1,"33 TT2 58_2011"
"679","Fauske","Fau2",58,33,"33 TT2 58","TT2",2012,3,1,"33 TT2 58_2012"
"680","Fauske","Fau2",58,33,"33 TT2 58","TT2",2013,3,1,"33 TT2 58_2013"
"681","Fauske","Fau2",58,33,"33 TT2 58","TT2",2015,3,1,"33 TT2 58_2015"
"682","Alrust","Alr2",32,34,"34 TT1 32","TT1",2009,2,1,"34 TT1 32_2009"
"683","Alrust","Alr2",32,34,"34 TT1 32","TT1",2011,2,1,"34 TT1 32_2011"
"684","Alrust","Alr2",32,34,"34 TT1 32","TT1",2012,2,1,"34 TT1 32_2012"
"685","Alrust","Alr2",32,34,"34 TT1 32","TT1",2013,2,1,"34 TT1 32_2013"
"686","Vikesland","Vik1",130,35,"35 TT4 130","TT4",2009,3,2,"35 TT4 130_2009"
"687","Vikesland","Vik1",130,35,"35 TT4 130","TT4",2011,3,2,"35 TT4 130_2011"
"688","Vikesland","Vik1",130,35,"35 TT4 130","TT4",2012,3,2,"35 TT4 130_2012"
"689","Vikesland","Vik1",130,35,"35 TT4 130","TT4",2013,3,2,"35 TT4 130_2013"
"690","Vikesland","Vik1",130,35,"35 TT4 130","TT4",2015,3,2,"35 TT4 130_2015"
"691","Alrust","Alr3",38,36,"36 TT1 38","TT1",2009,2,1,"36 TT1 38_2009"
"692","Alrust","Alr3",38,36,"36 TT1 38","TT1",2011,2,1,"36 TT1 38_2011"
"693","Alrust","Alr3",38,36,"36 TT1 38","TT1",2012,2,1,"36 TT1 38_2012"
"694","Alrust","Alr3",38,36,"36 TT1 38","TT1",2013,2,1,"36 TT1 38_2013"
"695","Alrust","Alr3",37,37,"37 TTC","TTC",2009,2,1,"37 TTC_2009"
"696","Alrust","Alr3",37,37,"37 TTC","TTC",2011,2,1,"37 TTC_2011"
"697","Alrust","Alr3",37,37,"37 TTC","TTC",2012,2,1,"37 TTC_2012"
"698","Alrust","Alr3",37,37,"37 TTC","TTC",2013,2,1,"37 TTC_2013"
"699","Alrust","Alr3",37,37,"37 TTC","TTC",2015,2,1,"37 TTC_2015"
"700","Alrust","Alr3",37,37,"37 TTC","TTC",2016,2,1,"37 TTC_2016"
"701","Vikesland","Vik3",136,38,"38 TT4 136","TT4",2009,3,2,"38 TT4 136_2009"
"702","Vikesland","Vik3",136,38,"38 TT4 136","TT4",2011,3,2,"38 TT4 136_2011"
"703","Vikesland","Vik3",136,38,"38 TT4 136","TT4",2012,3,2,"38 TT4 136_2012"
"704","Vikesland","Vik3",136,38,"38 TT4 136","TT4",2013,3,2,"38 TT4 136_2013"
"705","Vikesland","Vik3",136,38,"38 TT4 136","TT4",2015,3,2,"38 TT4 136_2015"
"706","Hogsete","Hog3",113,39,"39 TT3 113","TT3",2009,2,2,"39 TT3 113_2009"
"707","Hogsete","Hog3",113,39,"39 TT3 113","TT3",2011,2,2,"39 TT3 113_2011"
"708","Hogsete","Hog3",113,39,"39 TT3 113","TT3",2012,2,2,"39 TT3 113_2012"
"709","Hogsete","Hog3",113,39,"39 TT3 113","TT3",2013,2,2,"39 TT3 113_2013"
"710","Hogsete","Hog3",113,39,"39 TT3 113","TT3",2015,2,2,"39 TT3 113_2015"
"711","Lavisdalen","Lav4",91,4,"4 TT3 91","TT3",2009,1,2,"4 TT3 91_2009"
"712","Lavisdalen","Lav4",91,4,"4 TT3 91","TT3",2011,1,2,"4 TT3 91_2011"
"713","Lavisdalen","Lav4",91,4,"4 TT3 91","TT3",2012,1,2,"4 TT3 91_2012"
"714","Lavisdalen","Lav4",91,4,"4 TT3 91","TT3",2013,1,2,"4 TT3 91_2013"
"715","Lavisdalen","Lav4",91,4,"4 TT3 91","TT3",2015,1,2,"4 TT3 91_2015"
"716","Fauske","Fau3",62,40,"40 TT2 62","TT2",2009,3,1,"40 TT2 62_2009"
"717","Fauske","Fau3",62,40,"40 TT2 62","TT2",2011,3,1,"40 TT2 62_2011"
"718","Fauske","Fau3",62,40,"40 TT2 62","TT2",2012,3,1,"40 TT2 62_2012"
"719","Fauske","Fau3",62,40,"40 TT2 62","TT2",2013,3,1,"40 TT2 62_2013"
"720","Fauske","Fau3",62,40,"40 TT2 62","TT2",2015,3,1,"40 TT2 62_2015"
"721","Hogsete","Hog4",120,41,"41 TT3 120","TT3",2009,2,2,"41 TT3 120_2009"
"722","Hogsete","Hog4",120,41,"41 TT3 120","TT3",2011,2,2,"41 TT3 120_2011"
"723","Hogsete","Hog4",120,41,"41 TT3 120","TT3",2012,2,2,"41 TT3 120_2012"
"724","Hogsete","Hog4",120,41,"41 TT3 120","TT3",2013,2,2,"41 TT3 120_2013"
"725","Hogsete","Hog4",120,41,"41 TT3 120","TT3",2015,2,2,"41 TT3 120_2015"
"726","Vikesland","Vik4",145,42,"42 TT4 145","TT4",2009,3,2,"42 TT4 145_2009"
"727","Vikesland","Vik4",145,42,"42 TT4 145","TT4",2011,3,2,"42 TT4 145_2011"
"728","Vikesland","Vik4",145,42,"42 TT4 145","TT4",2012,3,2,"42 TT4 145_2012"
"729","Vikesland","Vik4",145,42,"42 TT4 145","TT4",2013,3,2,"42 TT4 145_2013"
"730","Vikesland","Vik4",145,42,"42 TT4 145","TT4",2015,3,2,"42 TT4 145_2015"
"731","Alrust","Alr4",44,43,"43 TT1 44","TT1",2009,2,1,"43 TT1 44_2009"
"732","Alrust","Alr4",44,43,"43 TT1 44","TT1",2011,2,1,"43 TT1 44_2011"
"733","Alrust","Alr4",44,43,"43 TT1 44","TT1",2012,2,1,"43 TT1 44_2012"
"734","Alrust","Alr4",44,43,"43 TT1 44","TT1",2013,2,1,"43 TT1 44_2013"
"735","Fauske","Fau4",66,44,"44 TT2 66","TT2",2009,3,1,"44 TT2 66_2009"
"736","Fauske","Fau4",66,44,"44 TT2 66","TT2",2011,3,1,"44 TT2 66_2011"
"737","Fauske","Fau4",66,44,"44 TT2 66","TT2",2012,3,1,"44 TT2 66_2012"
"738","Fauske","Fau4",66,44,"44 TT2 66","TT2",2013,3,1,"44 TT2 66_2013"
"739","Fauske","Fau4",66,44,"44 TT2 66","TT2",2015,3,1,"44 TT2 66_2015"
"740","Alrust","Alr4",45,45,"45 TTC","TTC",2009,2,1,"45 TTC_2009"
"741","Alrust","Alr4",45,45,"45 TTC","TTC",2011,2,1,"45 TTC_2011"
"742","Alrust","Alr4",45,45,"45 TTC","TTC",2012,2,1,"45 TTC_2012"
"743","Alrust","Alr4",45,45,"45 TTC","TTC",2013,2,1,"45 TTC_2013"
"744","Alrust","Alr4",45,45,"45 TTC","TTC",2015,2,1,"45 TTC_2015"
"745","Alrust","Alr4",45,45,"45 TTC","TTC",2016,2,1,"45 TTC_2016"
"746","Alrust","Alr5",46,46,"46 TTC","TTC",2009,2,1,"46 TTC_2009"
"747","Alrust","Alr5",46,46,"46 TTC","TTC",2011,2,1,"46 TTC_2011"
"748","Alrust","Alr5",46,46,"46 TTC","TTC",2012,2,1,"46 TTC_2012"
"749","Alrust","Alr5",46,46,"46 TTC","TTC",2013,2,1,"46 TTC_2013"
"750","Alrust","Alr5",46,46,"46 TTC","TTC",2016,2,1,"46 TTC_2016"
"751","Vikesland","Vik5",148,47,"47 TT4 148","TT4",2009,3,2,"47 TT4 148_2009"
"752","Vikesland","Vik5",148,47,"47 TT4 148","TT4",2011,3,2,"47 TT4 148_2011"
"753","Vikesland","Vik5",148,47,"47 TT4 148","TT4",2012,3,2,"47 TT4 148_2012"
"754","Vikesland","Vik5",148,47,"47 TT4 148","TT4",2013,3,2,"47 TT4 148_2013"
"755","Vikesland","Vik5",148,47,"47 TT4 148","TT4",2015,3,2,"47 TT4 148_2015"
"756","Hogsete","Hog5",121,48,"48 TT3 121","TT3",2009,2,2,"48 TT3 121_2009"
"757","Hogsete","Hog5",121,48,"48 TT3 121","TT3",2011,2,2,"48 TT3 121_2011"
"758","Hogsete","Hog5",121,48,"48 TT3 121","TT3",2013,2,2,"48 TT3 121_2013"
"759","Hogsete","Hog5",121,48,"48 TT3 121","TT3",2015,2,2,"48 TT3 121_2015"
"760","Alrust","Alr5",47,49,"49 TT1 47","TT1",2009,2,1,"49 TT1 47_2009"
"761","Alrust","Alr5",47,49,"49 TT1 47","TT1",2011,2,1,"49 TT1 47_2011"
"762","Alrust","Alr5",47,49,"49 TT1 47","TT1",2012,2,1,"49 TT1 47_2012"
"763","Alrust","Alr5",47,49,"49 TT1 47","TT1",2013,2,1,"49 TT1 47_2013"
"764","Ulvhaugen","Ulv1",5,5,"5 TTC","TTC",2009,1,1,"5 TTC_2009"
"765","Ulvhaugen","Ulv1",5,5,"5 TTC","TTC",2011,1,1,"5 TTC_2011"
"766","Ulvhaugen","Ulv1",5,5,"5 TTC","TTC",2012,1,1,"5 TTC_2012"
"767","Ulvhaugen","Ulv1",5,5,"5 TTC","TTC",2013,1,1,"5 TTC_2013"
"768","Ulvhaugen","Ulv1",5,5,"5 TTC","TTC",2015,1,1,"5 TTC_2015"
"769","Ulvhaugen","Ulv1",5,5,"5 TTC","TTC",2016,1,1,"5 TTC_2016"
"770","Fauske","Fau5",71,50,"50 TT2 71","TT2",2009,3,1,"50 TT2 71_2009"
"771","Fauske","Fau5",71,50,"50 TT2 71","TT2",2011,3,1,"50 TT2 71_2011"
"772","Fauske","Fau5",71,50,"50 TT2 71","TT2",2012,3,1,"50 TT2 71_2012"
"773","Fauske","Fau5",71,50,"50 TT2 71","TT2",2013,3,1,"50 TT2 71_2013"
"774","Fauske","Fau5",71,50,"50 TT2 71","TT2",2015,3,1,"50 TT2 71_2015"
"775","Gudmedalen","Gud11",-166,501,"501 TT1 166","TT1",2009,1,3,"501 TT1 166_2009"
"776","Gudmedalen","Gud11",-166,501,"501 TT1 166","TT1",2011,1,3,"501 TT1 166_2011"
"777","Gudmedalen","Gud11",-166,501,"501 TT1 166","TT1",2012,1,3,"501 TT1 166_2012"
"778","Gudmedalen","Gud11",-166,501,"501 TT1 166","TT1",2013,1,3,"501 TT1 166_2013"
"779","Rambera","Ram8",527,502,"502 TT2 527","TT2",2009,2,3,"502 TT2 527_2009"
"780","Rambera","Ram8",527,502,"502 TT2 527","TT2",2011,2,3,"502 TT2 527_2011"
"781","Rambera","Ram8",527,502,"502 TT2 527","TT2",2012,2,3,"502 TT2 527_2012"
"782","Rambera","Ram8",527,502,"502 TT2 527","TT2",2013,2,3,"502 TT2 527_2013"
"783","Rambera","Ram8",527,502,"502 TT2 527","TT2",2015,2,3,"502 TT2 527_2015"
"784","Skjellingahaugen","Skj5",258,503,"503 TT3 258","TT3",2009,1,4,"503 TT3 258_2009"
"785","Skjellingahaugen","Skj5",258,503,"503 TT3 258","TT3",2011,1,4,"503 TT3 258_2011"
"786","Skjellingahaugen","Skj5",258,503,"503 TT3 258","TT3",2012,1,4,"503 TT3 258_2012"
"787","Skjellingahaugen","Skj5",258,503,"503 TT3 258","TT3",2013,1,4,"503 TT3 258_2013"
"788","Skjellingahaugen","Skj5",258,503,"503 TT3 258","TT3",2015,1,4,"503 TT3 258_2015"
"789","Veskre","Ves4",277,504,"504 TT4 277","TT4",2009,2,4,"504 TT4 277_2009"
"790","Veskre","Ves4",277,504,"504 TT4 277","TT4",2011,2,4,"504 TT4 277_2011"
"791","Veskre","Ves4",277,504,"504 TT4 277","TT4",2012,2,4,"504 TT4 277_2012"
"792","Veskre","Ves4",277,504,"504 TT4 277","TT4",2013,2,4,"504 TT4 277_2013"
"793","Veskre","Ves4",277,504,"504 TT4 277","TT4",2015,2,4,"504 TT4 277_2015"
"794","Gudmedalen","Gud11",505,505,"505 TTC","TTC",2009,1,3,"505 TTC_2009"
"795","Gudmedalen","Gud11",505,505,"505 TTC","TTC",2011,1,3,"505 TTC_2011"
"796","Gudmedalen","Gud11",505,505,"505 TTC","TTC",2012,1,3,"505 TTC_2012"
"797","Gudmedalen","Gud11",505,505,"505 TTC","TTC",2013,1,3,"505 TTC_2013"
"798","Gudmedalen","Gud11",505,505,"505 TTC","TTC",2015,1,3,"505 TTC_2015"
"799","Gudmedalen","Gud11",505,505,"505 TTC","TTC",2016,1,3,"505 TTC_2016"
"800","Gudmedalen","Gud5",506,506,"506 TTC","TTC",2009,1,3,"506 TTC_2009"
"801","Gudmedalen","Gud5",506,506,"506 TTC","TTC",2010,1,3,"506 TTC_2010"
"802","Gudmedalen","Gud5",506,506,"506 TTC","TTC",2011,1,3,"506 TTC_2011"
"803","Gudmedalen","Gud5",506,506,"506 TTC","TTC",2012,1,3,"506 TTC_2012"
"804","Gudmedalen","Gud5",506,506,"506 TTC","TTC",2013,1,3,"506 TTC_2013"
"805","Gudmedalen","Gud5",506,506,"506 TTC","TTC",2015,1,3,"506 TTC_2015"
"806","Gudmedalen","Gud5",506,506,"506 TTC","TTC",2016,1,3,"506 TTC_2016"
"807","Gudmedalen","Gud5",174,508,"508 TT1 174","TT1",2009,1,3,"508 TT1 174_2009"
"808","Gudmedalen","Gud5",174,508,"508 TT1 174","TT1",2011,1,3,"508 TT1 174_2011"
"809","Gudmedalen","Gud5",174,508,"508 TT1 174","TT1",2012,1,3,"508 TT1 174_2012"
"810","Gudmedalen","Gud5",174,508,"508 TT1 174","TT1",2013,1,3,"508 TT1 174_2013"
"811","Veskre","Ves1",261,509,"509 TT4 261","TT4",2009,2,4,"509 TT4 261_2009"
"812","Veskre","Ves1",261,509,"509 TT4 261","TT4",2011,2,4,"509 TT4 261_2011"
"813","Veskre","Ves1",261,509,"509 TT4 261","TT4",2012,2,4,"509 TT4 261_2012"
"814","Veskre","Ves1",261,509,"509 TT4 261","TT4",2013,2,4,"509 TT4 261_2013"
"815","Veskre","Ves1",261,509,"509 TT4 261","TT4",2015,2,4,"509 TT4 261_2015"
"816","Fauske","Fau1",51,51,"51 TTC","TTC",2009,3,1,"51 TTC_2009"
"817","Fauske","Fau1",51,51,"51 TTC","TTC",2011,3,1,"51 TTC_2011"
"818","Fauske","Fau1",51,51,"51 TTC","TTC",2012,3,1,"51 TTC_2012"
"819","Fauske","Fau1",51,51,"51 TTC","TTC",2013,3,1,"51 TTC_2013"
"820","Fauske","Fau1",51,51,"51 TTC","TTC",2015,3,1,"51 TTC_2015"
"821","Fauske","Fau1",51,51,"51 TTC","TTC",2016,3,1,"51 TTC_2016"
"822","Skjellingahaugen","Skj11",537,510,"510 TT3 537","TT3",2009,1,4,"510 TT3 537_2009"
"823","Skjellingahaugen","Skj11",537,510,"510 TT3 537","TT3",2011,1,4,"510 TT3 537_2011"
"824","Skjellingahaugen","Skj11",537,510,"510 TT3 537","TT3",2012,1,4,"510 TT3 537_2012"
"825","Skjellingahaugen","Skj11",537,510,"510 TT3 537","TT3",2013,1,4,"510 TT3 537_2013"
"826","Skjellingahaugen","Skj11",537,510,"510 TT3 537","TT3",2015,1,4,"510 TT3 537_2015"
"827","Gudmedalen","Gud12",511,511,"511 TTC","TTC",2009,1,3,"511 TTC_2009"
"828","Gudmedalen","Gud12",511,511,"511 TTC","TTC",2011,1,3,"511 TTC_2011"
"829","Gudmedalen","Gud12",511,511,"511 TTC","TTC",2012,1,3,"511 TTC_2012"
"830","Gudmedalen","Gud12",511,511,"511 TTC","TTC",2013,1,3,"511 TTC_2013"
"831","Gudmedalen","Gud12",511,511,"511 TTC","TTC",2015,1,3,"511 TTC_2015"
"832","Gudmedalen","Gud12",511,511,"511 TTC","TTC",2016,1,3,"511 TTC_2016"
"833","Gudmedalen","Gud12",513,512,"512 TT1 513","TT1",2009,1,3,"512 TT1 513_2009"
"834","Gudmedalen","Gud12",513,512,"512 TT1 513","TT1",2012,1,3,"512 TT1 513_2012"
"835","Gudmedalen","Gud12",513,512,"512 TT1 513","TT1",2013,1,3,"512 TT1 513_2013"
"836","Rambera","Ram9",521,513,"513 TT2 521","TT2",2009,2,3,"513 TT2 521_2009"
"837","Rambera","Ram9",521,513,"513 TT2 521","TT2",2011,2,3,"513 TT2 521_2011"
"838","Rambera","Ram9",521,513,"513 TT2 521","TT2",2012,2,3,"513 TT2 521_2012"
"839","Rambera","Ram9",521,513,"513 TT2 521","TT2",2013,2,3,"513 TT2 521_2013"
"840","Rambera","Ram9",521,513,"513 TT2 521","TT2",2015,2,3,"513 TT2 521_2015"
"841","Skjellingahaugen","Skj12",538,514,"514 TT3 538","TT3",2009,1,4,"514 TT3 538_2009"
"842","Skjellingahaugen","Skj12",538,514,"514 TT3 538","TT3",2011,1,4,"514 TT3 538_2011"
"843","Skjellingahaugen","Skj12",538,514,"514 TT3 538","TT3",2012,1,4,"514 TT3 538_2012"
"844","Skjellingahaugen","Skj12",538,514,"514 TT3 538","TT3",2013,1,4,"514 TT3 538_2013"
"845","Skjellingahaugen","Skj12",538,514,"514 TT3 538","TT3",2015,1,4,"514 TT3 538_2015"
"846","Veskre","Ves3",274,515,"515 TT4 274","TT4",2009,2,4,"515 TT4 274_2009"
"847","Veskre","Ves3",274,515,"515 TT4 274","TT4",2011,2,4,"515 TT4 274_2011"
"848","Veskre","Ves3",274,515,"515 TT4 274","TT4",2012,2,4,"515 TT4 274_2012"
"849","Veskre","Ves3",274,515,"515 TT4 274","TT4",2013,2,4,"515 TT4 274_2013"
"850","Veskre","Ves3",274,515,"515 TT4 274","TT4",2015,2,4,"515 TT4 274_2015"
"851","Gudmedalen","Gud13",516,516,"516 TTC","TTC",2009,1,3,"516 TTC_2009"
"852","Gudmedalen","Gud13",516,516,"516 TTC","TTC",2011,1,3,"516 TTC_2011"
"853","Gudmedalen","Gud13",516,516,"516 TTC","TTC",2012,1,3,"516 TTC_2012"
"854","Gudmedalen","Gud13",516,516,"516 TTC","TTC",2013,1,3,"516 TTC_2013"
"855","Gudmedalen","Gud13",516,516,"516 TTC","TTC",2015,1,3,"516 TTC_2015"
"856","Skjellingahaugen","Skj1",238,517,"517 TT3 238","TT3",2009,1,4,"517 TT3 238_2009"
"857","Skjellingahaugen","Skj1",238,517,"517 TT3 238","TT3",2011,1,4,"517 TT3 238_2011"
"858","Skjellingahaugen","Skj1",238,517,"517 TT3 238","TT3",2012,1,4,"517 TT3 238_2012"
"859","Skjellingahaugen","Skj1",238,517,"517 TT3 238","TT3",2013,1,4,"517 TT3 238_2013"
"860","Skjellingahaugen","Skj1",238,517,"517 TT3 238","TT3",2015,1,4,"517 TT3 238_2015"
"861","Rambera","Ram6",204,518,"518 TT2 204","TT2",2009,2,3,"518 TT2 204_2009"
"862","Rambera","Ram6",204,518,"518 TT2 204","TT2",2011,2,3,"518 TT2 204_2011"
"863","Rambera","Ram6",204,518,"518 TT2 204","TT2",2012,2,3,"518 TT2 204_2012"
"864","Rambera","Ram6",204,518,"518 TT2 204","TT2",2013,2,3,"518 TT2 204_2013"
"865","Rambera","Ram6",204,518,"518 TT2 204","TT2",2015,2,3,"518 TT2 204_2015"
"866","Gudmedalen","Gud13",518,519,"519 TT1 518","TT1",2009,1,3,"519 TT1 518_2009"
"867","Gudmedalen","Gud13",518,519,"519 TT1 518","TT1",2011,1,3,"519 TT1 518_2011"
"868","Gudmedalen","Gud13",518,519,"519 TT1 518","TT1",2012,1,3,"519 TT1 518_2012"
"869","Gudmedalen","Gud13",518,519,"519 TT1 518","TT1",2013,1,3,"519 TT1 518_2013"
"870","Vikesland","Vik1",127,52,"52 TT3 127","TT3",2009,3,2,"52 TT3 127_2009"
"871","Vikesland","Vik1",127,52,"52 TT3 127","TT3",2011,3,2,"52 TT3 127_2011"
"872","Vikesland","Vik1",127,52,"52 TT3 127","TT3",2012,3,2,"52 TT3 127_2012"
"873","Vikesland","Vik1",127,52,"52 TT3 127","TT3",2013,3,2,"52 TT3 127_2013"
"874","Vikesland","Vik1",127,52,"52 TT3 127","TT3",2015,3,2,"52 TT3 127_2015"
"875","Veskre","Ves2",267,520,"520 TT4 267","TT4",2009,2,4,"520 TT4 267_2009"
"876","Veskre","Ves2",267,520,"520 TT4 267","TT4",2011,2,4,"520 TT4 267_2011"
"877","Veskre","Ves2",267,520,"520 TT4 267","TT4",2012,2,4,"520 TT4 267_2012"
"878","Veskre","Ves2",267,520,"520 TT4 267","TT4",2013,2,4,"520 TT4 267_2013"
"879","Veskre","Ves2",267,520,"520 TT4 267","TT4",2015,2,4,"520 TT4 267_2015"
"880","Rambera","Ram9",523,521,"521 TT1 523","TT1",2009,2,3,"521 TT1 523_2009"
"881","Rambera","Ram9",523,521,"521 TT1 523","TT1",2011,2,3,"521 TT1 523_2011"
"882","Rambera","Ram9",523,521,"521 TT1 523","TT1",2012,2,3,"521 TT1 523_2012"
"883","Arhelleren","Arh3",542,522,"522 TT2 542","TT2",2009,3,3,"522 TT2 542_2009"
"884","Arhelleren","Arh3",542,522,"522 TT2 542","TT2",2011,3,3,"522 TT2 542_2011"
"885","Arhelleren","Arh3",542,522,"522 TT2 542","TT2",2012,3,3,"522 TT2 542_2012"
"886","Arhelleren","Arh3",542,522,"522 TT2 542","TT2",2013,3,3,"522 TT2 542_2013"
"887","Arhelleren","Arh3",542,522,"522 TT2 542","TT2",2015,3,3,"522 TT2 542_2015"
"888","Veskre","Ves2",266,523,"523 TT3 266","TT3",2009,2,4,"523 TT3 266_2009"
"889","Veskre","Ves2",266,523,"523 TT3 266","TT3",2011,2,4,"523 TT3 266_2011"
"890","Veskre","Ves2",266,523,"523 TT3 266","TT3",2012,2,4,"523 TT3 266_2012"
"891","Veskre","Ves2",266,523,"523 TT3 266","TT3",2013,2,4,"523 TT3 266_2013"
"892","Veskre","Ves2",266,523,"523 TT3 266","TT3",2015,2,4,"523 TT3 266_2015"
"893","Ovstedal","Ovs4",302,524,"524 TT4 302","TT4",2009,3,4,"524 TT4 302_2009"
"894","Ovstedal","Ovs4",302,524,"524 TT4 302","TT4",2011,3,4,"524 TT4 302_2011"
"895","Ovstedal","Ovs4",302,524,"524 TT4 302","TT4",2012,3,4,"524 TT4 302_2012"
"896","Ovstedal","Ovs4",302,524,"524 TT4 302","TT4",2013,3,4,"524 TT4 302_2013"
"897","Ovstedal","Ovs4",302,524,"524 TT4 302","TT4",2015,3,4,"524 TT4 302_2015"
"898","Rambera","Ram9",525,525,"525 TTC","TTC",2009,2,3,"525 TTC_2009"
"899","Rambera","Ram9",525,525,"525 TTC","TTC",2011,2,3,"525 TTC_2011"
"900","Rambera","Ram9",525,525,"525 TTC","TTC",2012,2,3,"525 TTC_2012"
"901","Rambera","Ram9",525,525,"525 TTC","TTC",2013,2,3,"525 TTC_2013"
"902","Rambera","Ram9",525,525,"525 TTC","TTC",2015,2,3,"525 TTC_2015"
"903","Rambera","Ram9",525,525,"525 TTC","TTC",2016,2,3,"525 TTC_2016"
"904","Arhelleren","Arh5",235,527,"527 TT2 235","TT2",2009,3,3,"527 TT2 235_2009"
"905","Arhelleren","Arh5",235,527,"527 TT2 235","TT2",2011,3,3,"527 TT2 235_2011"
"906","Arhelleren","Arh5",235,527,"527 TT2 235","TT2",2012,3,3,"527 TT2 235_2012"
"907","Arhelleren","Arh5",235,527,"527 TT2 235","TT2",2013,3,3,"527 TT2 235_2013"
"908","Arhelleren","Arh5",235,527,"527 TT2 235","TT2",2015,3,3,"527 TT2 235_2015"
"909","Rambera","Ram8",528,528,"528 TTC","TTC",2009,2,3,"528 TTC_2009"
"910","Rambera","Ram8",528,528,"528 TTC","TTC",2011,2,3,"528 TTC_2011"
"911","Rambera","Ram8",528,528,"528 TTC","TTC",2012,2,3,"528 TTC_2012"
"912","Rambera","Ram8",528,528,"528 TTC","TTC",2013,2,3,"528 TTC_2013"
"913","Rambera","Ram8",528,528,"528 TTC","TTC",2015,2,3,"528 TTC_2015"
"914","Rambera","Ram8",528,528,"528 TTC","TTC",2016,2,3,"528 TTC_2016"
"915","Veskre","Ves3",273,529,"529 TT3 273","TT3",2009,2,4,"529 TT3 273_2009"
"916","Veskre","Ves3",273,529,"529 TT3 273","TT3",2011,2,4,"529 TT3 273_2011"
"917","Veskre","Ves3",273,529,"529 TT3 273","TT3",2012,2,4,"529 TT3 273_2012"
"918","Veskre","Ves3",273,529,"529 TT3 273","TT3",2013,2,4,"529 TT3 273_2013"
"919","Veskre","Ves3",273,529,"529 TT3 273","TT3",2015,2,4,"529 TT3 273_2015"
"920","Fauske","Fau1",52,53,"53 TT1 52","TT1",2009,3,1,"53 TT1 52_2009"
"921","Fauske","Fau1",52,53,"53 TT1 52","TT1",2011,3,1,"53 TT1 52_2011"
"922","Fauske","Fau1",52,53,"53 TT1 52","TT1",2012,3,1,"53 TT1 52_2012"
"923","Fauske","Fau1",52,53,"53 TT1 52","TT1",2013,3,1,"53 TT1 52_2013"
"924","Rambera","Ram8",531,530,"530 TT1 531","TT1",2009,2,3,"530 TT1 531_2009"
"925","Rambera","Ram8",531,530,"530 TT1 531","TT1",2011,2,3,"530 TT1 531_2011"
"926","Rambera","Ram8",531,530,"530 TT1 531","TT1",2012,2,3,"530 TT1 531_2012"
"927","Rambera","Ram8",531,530,"530 TT1 531","TT1",2013,2,3,"530 TT1 531_2013"
"928","Ovstedal","Ovs2",552,531,"531 TT4 552","TT4",2009,3,4,"531 TT4 552_2009"
"929","Ovstedal","Ovs2",552,531,"531 TT4 552","TT4",2011,3,4,"531 TT4 552_2011"
"930","Ovstedal","Ovs2",552,531,"531 TT4 552","TT4",2012,3,4,"531 TT4 552_2012"
"931","Ovstedal","Ovs2",552,531,"531 TT4 552","TT4",2013,3,4,"531 TT4 552_2013"
"932","Ovstedal","Ovs2",552,531,"531 TT4 552","TT4",2015,3,4,"531 TT4 552_2015"
"933","Skjellingahaugen","Skj11",532,532,"532 TTC","TTC",2009,1,4,"532 TTC_2009"
"934","Skjellingahaugen","Skj11",532,532,"532 TTC","TTC",2011,1,4,"532 TTC_2011"
"935","Skjellingahaugen","Skj11",532,532,"532 TTC","TTC",2012,1,4,"532 TTC_2012"
"936","Skjellingahaugen","Skj11",532,532,"532 TTC","TTC",2013,1,4,"532 TTC_2013"
"937","Skjellingahaugen","Skj11",532,532,"532 TTC","TTC",2015,1,4,"532 TTC_2015"
"938","Skjellingahaugen","Skj12",535,535,"535 TTC","TTC",2009,1,4,"535 TTC_2009"
"939","Skjellingahaugen","Skj12",535,535,"535 TTC","TTC",2011,1,4,"535 TTC_2011"
"940","Skjellingahaugen","Skj12",535,535,"535 TTC","TTC",2012,1,4,"535 TTC_2012"
"941","Skjellingahaugen","Skj12",535,535,"535 TTC","TTC",2013,1,4,"535 TTC_2013"
"942","Skjellingahaugen","Skj12",535,535,"535 TTC","TTC",2015,1,4,"535 TTC_2015"
"943","Veskre","Ves3",272,536,"536 TT2 272","TT2",2009,2,4,"536 TT2 272_2009"
"944","Veskre","Ves3",272,536,"536 TT2 272","TT2",2011,2,4,"536 TT2 272_2011"
"945","Veskre","Ves3",272,536,"536 TT2 272","TT2",2012,2,4,"536 TT2 272_2012"
"946","Veskre","Ves3",272,536,"536 TT2 272","TT2",2013,2,4,"536 TT2 272_2013"
"947","Veskre","Ves3",272,536,"536 TT2 272","TT2",2015,2,4,"536 TT2 272_2015"
"948","Skjellingahaugen","Skj11",536,537,"537 TT1 536","TT1",2009,1,4,"537 TT1 536_2009"
"949","Skjellingahaugen","Skj11",536,537,"537 TT1 536","TT1",2011,1,4,"537 TT1 536_2011"
"950","Skjellingahaugen","Skj11",536,537,"537 TT1 536","TT1",2012,1,4,"537 TT1 536_2012"
"951","Skjellingahaugen","Skj11",536,537,"537 TT1 536","TT1",2013,1,4,"537 TT1 536_2013"
"952","Skjellingahaugen","Skj12",539,538,"538 TT1 539","TT1",2009,1,4,"538 TT1 539_2009"
"953","Skjellingahaugen","Skj12",539,538,"538 TT1 539","TT1",2011,1,4,"538 TT1 539_2011"
"954","Skjellingahaugen","Skj12",539,538,"538 TT1 539","TT1",2012,1,4,"538 TT1 539_2012"
"955","Skjellingahaugen","Skj12",539,538,"538 TT1 539","TT1",2013,1,4,"538 TT1 539_2013"
"956","Veskre","Ves1",262,539,"539 TT2 262","TT2",2009,2,4,"539 TT2 262_2009"
"957","Veskre","Ves1",262,539,"539 TT2 262","TT2",2011,2,4,"539 TT2 262_2011"
"958","Veskre","Ves1",262,539,"539 TT2 262","TT2",2012,2,4,"539 TT2 262_2012"
"959","Veskre","Ves1",262,539,"539 TT2 262","TT2",2013,2,4,"539 TT2 262_2013"
"960","Veskre","Ves1",262,539,"539 TT2 262","TT2",2015,2,4,"539 TT2 262_2015"
"961","Vikesland","Vik2",131,56,"56 TT3 131","TT3",2009,3,2,"56 TT3 131_2009"
"962","Vikesland","Vik2",131,56,"56 TT3 131","TT3",2011,3,2,"56 TT3 131_2011"
"963","Vikesland","Vik2",131,56,"56 TT3 131","TT3",2012,3,2,"56 TT3 131_2012"
"964","Vikesland","Vik2",131,56,"56 TT3 131","TT3",2013,3,2,"56 TT3 131_2013"
"965","Vikesland","Vik2",131,56,"56 TT3 131","TT3",2015,3,2,"56 TT3 131_2015"
"966","Fauske","Fau2",57,57,"57 TTC","TTC",2009,3,1,"57 TTC_2009"
"967","Fauske","Fau2",57,57,"57 TTC","TTC",2011,3,1,"57 TTC_2011"
"968","Fauske","Fau2",57,57,"57 TTC","TTC",2012,3,1,"57 TTC_2012"
"969","Fauske","Fau2",57,57,"57 TTC","TTC",2013,3,1,"57 TTC_2013"
"970","Fauske","Fau2",57,57,"57 TTC","TTC",2015,3,1,"57 TTC_2015"
"971","Fauske","Fau2",57,57,"57 TTC","TTC",2016,3,1,"57 TTC_2016"
"972","Fauske","Fau2",56,58,"58 TT1 56","TT1",2009,3,1,"58 TT1 56_2009"
"973","Fauske","Fau2",56,58,"58 TT1 56","TT1",2011,3,1,"58 TT1 56_2011"
"974","Fauske","Fau2",56,58,"58 TT1 56","TT1",2012,3,1,"58 TT1 56_2012"
"975","Fauske","Fau2",56,58,"58 TT1 56","TT1",2013,3,1,"58 TT1 56_2013"
"976","Ulvhaugen","Ulv2",6,6,"6 TTC","TTC",2009,1,1,"6 TTC_2009"
"977","Ulvhaugen","Ulv2",6,6,"6 TTC","TTC",2011,1,1,"6 TTC_2011"
"978","Ulvhaugen","Ulv2",6,6,"6 TTC","TTC",2012,1,1,"6 TTC_2012"
"979","Ulvhaugen","Ulv2",6,6,"6 TTC","TTC",2013,1,1,"6 TTC_2013"
"980","Ulvhaugen","Ulv2",6,6,"6 TTC","TTC",2015,1,1,"6 TTC_2015"
"981","Ulvhaugen","Ulv2",6,6,"6 TTC","TTC",2016,1,1,"6 TTC_2016"
"982","Fauske","Fau3",61,61,"61 TTC","TTC",2009,3,1,"61 TTC_2009"
"983","Fauske","Fau3",61,61,"61 TTC","TTC",2011,3,1,"61 TTC_2011"
"984","Fauske","Fau3",61,61,"61 TTC","TTC",2012,3,1,"61 TTC_2012"
"985","Fauske","Fau3",61,61,"61 TTC","TTC",2013,3,1,"61 TTC_2013"
"986","Fauske","Fau3",61,61,"61 TTC","TTC",2015,3,1,"61 TTC_2015"
"987","Fauske","Fau3",61,61,"61 TTC","TTC",2016,3,1,"61 TTC_2016"
"988","Fauske","Fau3",63,62,"62 TT1 63","TT1",2009,3,1,"62 TT1 63_2009"
"989","Fauske","Fau3",63,62,"62 TT1 63","TT1",2011,3,1,"62 TT1 63_2011"
"990","Fauske","Fau3",63,62,"62 TT1 63","TT1",2012,3,1,"62 TT1 63_2012"
"991","Fauske","Fau3",63,62,"62 TT1 63","TT1",2013,3,1,"62 TT1 63_2013"
"992","Vikesland","Vik3",138,63,"63 TT3 138","TT3",2009,3,2,"63 TT3 138_2009"
"993","Vikesland","Vik3",138,63,"63 TT3 138","TT3",2011,3,2,"63 TT3 138_2011"
"994","Vikesland","Vik3",138,63,"63 TT3 138","TT3",2012,3,2,"63 TT3 138_2012"
"995","Vikesland","Vik3",138,63,"63 TT3 138","TT3",2013,3,2,"63 TT3 138_2013"
"996","Vikesland","Vik3",138,63,"63 TT3 138","TT3",2015,3,2,"63 TT3 138_2015"
"997","Fauske","Fau4",67,66,"66 TT1 67","TT1",2009,3,1,"66 TT1 67_2009"
"998","Fauske","Fau4",67,66,"66 TT1 67","TT1",2011,3,1,"66 TT1 67_2011"
"999","Fauske","Fau4",67,66,"66 TT1 67","TT1",2012,3,1,"66 TT1 67_2012"
"1000","Fauske","Fau4",67,66,"66 TT1 67","TT1",2013,3,1,"66 TT1 67_2013"
"1001","Vikesland","Vik4",142,67,"67 TT3 142","TT3",2009,3,2,"67 TT3 142_2009"
"1002","Vikesland","Vik4",142,67,"67 TT3 142","TT3",2011,3,2,"67 TT3 142_2011"
"1003","Vikesland","Vik4",142,67,"67 TT3 142","TT3",2012,3,2,"67 TT3 142_2012"
"1004","Vikesland","Vik4",142,67,"67 TT3 142","TT3",2013,3,2,"67 TT3 142_2013"
"1005","Vikesland","Vik4",142,67,"67 TT3 142","TT3",2015,3,2,"67 TT3 142_2015"
"1006","Fauske","Fau4",68,68,"68 TTC","TTC",2009,3,1,"68 TTC_2009"
"1007","Fauske","Fau4",68,68,"68 TTC","TTC",2011,3,1,"68 TTC_2011"
"1008","Fauske","Fau4",68,68,"68 TTC","TTC",2012,3,1,"68 TTC_2012"
"1009","Fauske","Fau4",68,68,"68 TTC","TTC",2013,3,1,"68 TTC_2013"
"1010","Fauske","Fau4",68,68,"68 TTC","TTC",2015,3,1,"68 TTC_2015"
"1011","Fauske","Fau4",68,68,"68 TTC","TTC",2016,3,1,"68 TTC_2016"
"1012","Alrust","Alr2",33,7,"7 TT2 33","TT2",2009,2,1,"7 TT2 33_2009"
"1013","Alrust","Alr2",33,7,"7 TT2 33","TT2",2011,2,1,"7 TT2 33_2011"
"1014","Alrust","Alr2",33,7,"7 TT2 33","TT2",2012,2,1,"7 TT2 33_2012"
"1015","Alrust","Alr2",33,7,"7 TT2 33","TT2",2013,2,1,"7 TT2 33_2013"
"1016","Alrust","Alr2",33,7,"7 TT2 33","TT2",2015,2,1,"7 TT2 33_2015"
"1017","Fauske","Fau5",72,71,"71 TT1 72","TT1",2009,3,1,"71 TT1 72_2009"
"1018","Fauske","Fau5",72,71,"71 TT1 72","TT1",2011,3,1,"71 TT1 72_2011"
"1019","Fauske","Fau5",72,71,"71 TT1 72","TT1",2012,3,1,"71 TT1 72_2012"
"1020","Fauske","Fau5",72,71,"71 TT1 72","TT1",2013,3,1,"71 TT1 72_2013"
"1021","Vikesland","Vik5",147,72,"72 TT3 147","TT3",2009,3,2,"72 TT3 147_2009"
"1022","Vikesland","Vik5",147,72,"72 TT3 147","TT3",2011,3,2,"72 TT3 147_2011"
"1023","Vikesland","Vik5",147,72,"72 TT3 147","TT3",2012,3,2,"72 TT3 147_2012"
"1024","Vikesland","Vik5",147,72,"72 TT3 147","TT3",2013,3,2,"72 TT3 147_2013"
"1025","Vikesland","Vik5",147,72,"72 TT3 147","TT3",2015,3,2,"72 TT3 147_2015"
"1026","Fauske","Fau5",73,73,"73 TTC","TTC",2009,3,1,"73 TTC_2009"
"1027","Fauske","Fau5",73,73,"73 TTC","TTC",2011,3,1,"73 TTC_2011"
"1028","Fauske","Fau5",73,73,"73 TTC","TTC",2012,3,1,"73 TTC_2012"
"1029","Fauske","Fau5",73,73,"73 TTC","TTC",2013,3,1,"73 TTC_2013"
"1030","Fauske","Fau5",73,73,"73 TTC","TTC",2015,3,1,"73 TTC_2015"
"1031","Fauske","Fau5",73,73,"73 TTC","TTC",2016,3,1,"73 TTC_2016"
"1032","Lavisdalen","Lav1",80,76,"76 TT1 80","TT1",2009,1,2,"76 TT1 80_2009"
"1033","Lavisdalen","Lav1",80,76,"76 TT1 80","TT1",2011,1,2,"76 TT1 80_2011"
"1034","Lavisdalen","Lav1",80,76,"76 TT1 80","TT1",2012,1,2,"76 TT1 80_2012"
"1035","Lavisdalen","Lav1",80,76,"76 TT1 80","TT1",2013,1,2,"76 TT1 80_2013"
"1036","Rambera","Ram6",206,77,"77 TT4 206","TT4",2009,2,3,"77 TT4 206_2009"
"1037","Rambera","Ram6",206,77,"77 TT4 206","TT4",2011,2,3,"77 TT4 206_2011"
"1038","Rambera","Ram6",206,77,"77 TT4 206","TT4",2012,2,3,"77 TT4 206_2012"
"1039","Rambera","Ram6",206,77,"77 TT4 206","TT4",2013,2,3,"77 TT4 206_2013"
"1040","Rambera","Ram6",206,77,"77 TT4 206","TT4",2015,2,3,"77 TT4 206_2015"
"1041","Lavisdalen","Lav1",78,78,"78 TTC","TTC",2009,1,2,"78 TTC_2009"
"1042","Lavisdalen","Lav1",78,78,"78 TTC","TTC",2011,1,2,"78 TTC_2011"
"1043","Lavisdalen","Lav1",78,78,"78 TTC","TTC",2012,1,2,"78 TTC_2012"
"1044","Lavisdalen","Lav1",78,78,"78 TTC","TTC",2013,1,2,"78 TTC_2013"
"1045","Lavisdalen","Lav1",78,78,"78 TTC","TTC",2015,1,2,"78 TTC_2015"
"1046","Lavisdalen","Lav1",78,78,"78 TTC","TTC",2016,1,2,"78 TTC_2016"
"1047","Hogsete","Hog1",105,79,"79 TT2 105","TT2",2009,2,2,"79 TT2 105_2009"
"1048","Hogsete","Hog1",105,79,"79 TT2 105","TT2",2011,2,2,"79 TT2 105_2011"
"1049","Hogsete","Hog1",105,79,"79 TT2 105","TT2",2012,2,2,"79 TT2 105_2012"
"1050","Hogsete","Hog1",105,79,"79 TT2 105","TT2",2013,2,2,"79 TT2 105_2013"
"1051","Hogsete","Hog1",105,79,"79 TT2 105","TT2",2015,2,2,"79 TT2 105_2015"
"1052","Lavisdalen","Lav1",77,8,"8 TT3 77","TT3",2009,1,2,"8 TT3 77_2009"
"1053","Lavisdalen","Lav1",77,8,"8 TT3 77","TT3",2011,1,2,"8 TT3 77_2011"
"1054","Lavisdalen","Lav1",77,8,"8 TT3 77","TT3",2012,1,2,"8 TT3 77_2012"
"1055","Lavisdalen","Lav1",77,8,"8 TT3 77","TT3",2013,1,2,"8 TT3 77_2013"
"1056","Lavisdalen","Lav1",77,8,"8 TT3 77","TT3",2015,1,2,"8 TT3 77_2015"
"1057","Gudmedalen","Gud4",169,80,"80 TT3 169","TT3",2009,1,3,"80 TT3 169_2009"
"1058","Gudmedalen","Gud4",169,80,"80 TT3 169","TT3",2011,1,3,"80 TT3 169_2011"
"1059","Gudmedalen","Gud4",169,80,"80 TT3 169","TT3",2012,1,3,"80 TT3 169_2012"
"1060","Gudmedalen","Gud4",169,80,"80 TT3 169","TT3",2013,1,3,"80 TT3 169_2013"
"1061","Gudmedalen","Gud4",169,80,"80 TT3 169","TT3",2015,1,3,"80 TT3 169_2015"
"1062","Gudmedalen","Gud11",-168,81,"81 TT3 168","TT3",2009,1,3,"81 TT3 168_2009"
"1063","Gudmedalen","Gud11",-168,81,"81 TT3 168","TT3",2011,1,3,"81 TT3 168_2011"
"1064","Gudmedalen","Gud11",-168,81,"81 TT3 168","TT3",2012,1,3,"81 TT3 168_2012"
"1065","Gudmedalen","Gud11",-168,81,"81 TT3 168","TT3",2013,1,3,"81 TT3 168_2013"
"1066","Gudmedalen","Gud11",-168,81,"81 TT3 168","TT3",2015,1,3,"81 TT3 168_2015"
"1067","Rambera","Ram5",197,82,"82 TT4 197","TT4",2009,2,3,"82 TT4 197_2009"
"1068","Rambera","Ram5",197,82,"82 TT4 197","TT4",2011,2,3,"82 TT4 197_2011"
"1069","Rambera","Ram5",197,82,"82 TT4 197","TT4",2012,2,3,"82 TT4 197_2012"
"1070","Rambera","Ram5",197,82,"82 TT4 197","TT4",2013,2,3,"82 TT4 197_2013"
"1071","Rambera","Ram5",197,82,"82 TT4 197","TT4",2015,2,3,"82 TT4 197_2015"
"1072","Lavisdalen","Lav2",81,83,"83 TT1 81","TT1",2009,1,2,"83 TT1 81_2009"
"1073","Lavisdalen","Lav2",81,83,"83 TT1 81","TT1",2011,1,2,"83 TT1 81_2011"
"1074","Lavisdalen","Lav2",81,83,"83 TT1 81","TT1",2012,1,2,"83 TT1 81_2012"
"1075","Lavisdalen","Lav2",81,83,"83 TT1 81","TT1",2013,1,2,"83 TT1 81_2013"
"1076","Hogsete","Hog2",108,84,"84 TT2 108","TT2",2009,2,2,"84 TT2 108_2009"
"1077","Hogsete","Hog2",108,84,"84 TT2 108","TT2",2011,2,2,"84 TT2 108_2011"
"1078","Hogsete","Hog2",108,84,"84 TT2 108","TT2",2012,2,2,"84 TT2 108_2012"
"1079","Hogsete","Hog2",108,84,"84 TT2 108","TT2",2013,2,2,"84 TT2 108_2013"
"1080","Hogsete","Hog2",108,84,"84 TT2 108","TT2",2015,2,2,"84 TT2 108_2015"
"1081","Lavisdalen","Lav2",85,85,"85 TTC","TTC",2009,1,2,"85 TTC_2009"
"1082","Lavisdalen","Lav2",85,85,"85 TTC","TTC",2011,1,2,"85 TTC_2011"
"1083","Lavisdalen","Lav2",85,85,"85 TTC","TTC",2012,1,2,"85 TTC_2012"
"1084","Lavisdalen","Lav2",85,85,"85 TTC","TTC",2013,1,2,"85 TTC_2013"
"1085","Lavisdalen","Lav2",85,85,"85 TTC","TTC",2015,1,2,"85 TTC_2015"
"1086","Lavisdalen","Lav2",85,85,"85 TTC","TTC",2016,1,2,"85 TTC_2016"
"1087","Rambera","Ram4",193,86,"86 TT4 193","TT4",2009,2,3,"86 TT4 193_2009"
"1088","Rambera","Ram4",193,86,"86 TT4 193","TT4",2011,2,3,"86 TT4 193_2011"
"1089","Rambera","Ram4",193,86,"86 TT4 193","TT4",2012,2,3,"86 TT4 193_2012"
"1090","Rambera","Ram4",193,86,"86 TT4 193","TT4",2013,2,3,"86 TT4 193_2013"
"1091","Rambera","Ram4",193,86,"86 TT4 193","TT4",2015,2,3,"86 TT4 193_2015"
"1092","Lavisdalen","Lav3",87,87,"87 TTC","TTC",2009,1,2,"87 TTC_2009"
"1093","Lavisdalen","Lav3",87,87,"87 TTC","TTC",2011,1,2,"87 TTC_2011"
"1094","Lavisdalen","Lav3",87,87,"87 TTC","TTC",2012,1,2,"87 TTC_2012"
"1095","Lavisdalen","Lav3",87,87,"87 TTC","TTC",2013,1,2,"87 TTC_2013"
"1096","Lavisdalen","Lav3",87,87,"87 TTC","TTC",2015,1,2,"87 TTC_2015"
"1097","Lavisdalen","Lav3",87,87,"87 TTC","TTC",2016,1,2,"87 TTC_2016"
"1098","Hogsete","Hog3",114,88,"88 TT2 114","TT2",2009,2,2,"88 TT2 114_2009"
"1099","Hogsete","Hog3",114,88,"88 TT2 114","TT2",2011,2,2,"88 TT2 114_2011"
"1100","Hogsete","Hog3",114,88,"88 TT2 114","TT2",2013,2,2,"88 TT2 114_2013"
"1101","Hogsete","Hog3",114,88,"88 TT2 114","TT2",2015,2,2,"88 TT2 114_2015"
"1102","Gudmedalen","Gud5",509,89,"89 TT3 509","TT3",2009,1,3,"89 TT3 509_2009"
"1103","Gudmedalen","Gud5",509,89,"89 TT3 509","TT3",2012,1,3,"89 TT3 509_2012"
"1104","Gudmedalen","Gud5",509,89,"89 TT3 509","TT3",2013,1,3,"89 TT3 509_2013"
"1105","Gudmedalen","Gud5",509,89,"89 TT3 509","TT3",2015,1,3,"89 TT3 509_2015"
"1106","Hogsete","Hog2",107,9,"9 TT4 107","TT4",2009,2,2,"9 TT4 107_2009"
"1107","Hogsete","Hog2",107,9,"9 TT4 107","TT4",2011,2,2,"9 TT4 107_2011"
"1108","Hogsete","Hog2",107,9,"9 TT4 107","TT4",2012,2,2,"9 TT4 107_2012"
"1109","Hogsete","Hog2",107,9,"9 TT4 107","TT4",2013,2,2,"9 TT4 107_2013"
"1110","Hogsete","Hog2",107,9,"9 TT4 107","TT4",2015,2,2,"9 TT4 107_2015"
"1111","Lavisdalen","Lav3",89,90,"90 TT1 89","TT1",2009,1,2,"90 TT1 89_2009"
"1112","Lavisdalen","Lav3",89,90,"90 TT1 89","TT1",2011,1,2,"90 TT1 89_2011"
"1113","Lavisdalen","Lav3",89,90,"90 TT1 89","TT1",2012,1,2,"90 TT1 89_2012"
"1114","Lavisdalen","Lav3",89,90,"90 TT1 89","TT1",2013,1,2,"90 TT1 89_2013"
"1115","Rambera","Ram8",529,91,"91 TT4 529","TT4",2009,2,3,"91 TT4 529_2009"
"1116","Rambera","Ram8",529,91,"91 TT4 529","TT4",2011,2,3,"91 TT4 529_2011"
"1117","Rambera","Ram8",529,91,"91 TT4 529","TT4",2012,2,3,"91 TT4 529_2012"
"1118","Rambera","Ram8",529,91,"91 TT4 529","TT4",2013,2,3,"91 TT4 529_2013"
"1119","Rambera","Ram8",529,91,"91 TT4 529","TT4",2015,2,3,"91 TT4 529_2015"
"1120","Lavisdalen","Lav4",93,92,"92 TT1 93","TT1",2009,1,2,"92 TT1 93_2009"
"1121","Lavisdalen","Lav4",93,92,"92 TT1 93","TT1",2011,1,2,"92 TT1 93_2011"
"1122","Lavisdalen","Lav4",93,92,"92 TT1 93","TT1",2012,1,2,"92 TT1 93_2012"
"1123","Lavisdalen","Lav4",93,92,"92 TT1 93","TT1",2013,1,2,"92 TT1 93_2013"
"1124","Gudmedalen","Gud12",512,93,"93 TT3 512","TT3",2009,1,3,"93 TT3 512_2009"
"1125","Gudmedalen","Gud12",512,93,"93 TT3 512","TT3",2011,1,3,"93 TT3 512_2011"
"1126","Gudmedalen","Gud12",512,93,"93 TT3 512","TT3",2012,1,3,"93 TT3 512_2012"
"1127","Gudmedalen","Gud12",512,93,"93 TT3 512","TT3",2013,1,3,"93 TT3 512_2013"
"1128","Lavisdalen","Lav4",94,94,"94 TTC","TTC",2009,1,2,"94 TTC_2009"
"1129","Lavisdalen","Lav4",94,94,"94 TTC","TTC",2011,1,2,"94 TTC_2011"
"1130","Lavisdalen","Lav4",94,94,"94 TTC","TTC",2012,1,2,"94 TTC_2012"
"1131","Lavisdalen","Lav4",94,94,"94 TTC","TTC",2013,1,2,"94 TTC_2013"
"1132","Lavisdalen","Lav4",94,94,"94 TTC","TTC",2015,1,2,"94 TTC_2015"
"1133","Lavisdalen","Lav4",94,94,"94 TTC","TTC",2016,1,2,"94 TTC_2016"
"1134","Hogsete","Hog4",117,95,"95 TT2 117","TT2",2009,2,2,"95 TT2 117_2009"
"1135","Hogsete","Hog4",117,95,"95 TT2 117","TT2",2011,2,2,"95 TT2 117_2011"
"1136","Hogsete","Hog4",117,95,"95 TT2 117","TT2",2012,2,2,"95 TT2 117_2012"
"1137","Hogsete","Hog4",117,95,"95 TT2 117","TT2",2013,2,2,"95 TT2 117_2013"
"1138","Hogsete","Hog4",117,95,"95 TT2 117","TT2",2015,2,2,"95 TT2 117_2015"
"1139","Hogsete","Hog5",122,96,"96 TT2 122","TT2",2009,2,2,"96 TT2 122_2009"
"1140","Hogsete","Hog5",122,96,"96 TT2 122","TT2",2011,2,2,"96 TT2 122_2011"
"1141","Hogsete","Hog5",122,96,"96 TT2 122","TT2",2012,2,2,"96 TT2 122_2012"
"1142","Hogsete","Hog5",122,96,"96 TT2 122","TT2",2013,2,2,"96 TT2 122_2013"
"1143","Hogsete","Hog5",122,96,"96 TT2 122","TT2",2015,2,2,"96 TT2 122_2015"
"1144","Gudmedalen","Gud13",517,97,"97 TT3 517","TT3",2009,1,3,"97 TT3 517_2009"
"1145","Gudmedalen","Gud13",517,97,"97 TT3 517","TT3",2012,1,3,"97 TT3 517_2012"
"1146","Gudmedalen","Gud13",517,97,"97 TT3 517","TT3",2013,1,3,"97 TT3 517_2013"
"1147","Gudmedalen","Gud13",517,97,"97 TT3 517","TT3",2015,1,3,"97 TT3 517_2015"
"1148","Lavisdalen","Lav5",97,98,"98 TT1 97","TT1",2009,1,2,"98 TT1 97_2009"
"1149","Lavisdalen","Lav5",97,98,"98 TT1 97","TT1",2011,1,2,"98 TT1 97_2011"
"1150","Lavisdalen","Lav5",97,98,"98 TT1 97","TT1",2012,1,2,"98 TT1 97_2012"
"1151","Lavisdalen","Lav5",97,98,"98 TT1 97","TT1",2013,1,2,"98 TT1 97_2013"
"1152","Lavisdalen","Lav5",99,99,"99 TTC","TTC",2009,1,2,"99 TTC_2009"
"1153","Lavisdalen","Lav5",99,99,"99 TTC","TTC",2011,1,2,"99 TTC_2011"
"1154","Lavisdalen","Lav5",99,99,"99 TTC","TTC",2012,1,2,"99 TTC_2012"
"1155","Lavisdalen","Lav5",99,99,"99 TTC","TTC",2013,1,2,"99 TTC_2013"
"1156","Lavisdalen","Lav5",99,99,"99 TTC","TTC",2015,1,2,"99 TTC_2015"
"1157","Lavisdalen","Lav5",99,99,"99 TTC","TTC",2016,1,2,"99 TTC_2016"
