"site","stage","sp","id","abun"
"Alr","bank","Ach.mil","Persistent",1
"Alr","bank","Agr.cap","Persistent",377
"Alr","bank","Ant.odo","Persistent",1
"Alr","bank","Ave.fle","Transient",2
"Alr","bank","Bis.viv","Persistent",1
"Alr","bank","Cal.vul","Transient",1
"Alr","bank","Cam.rot","Persistent",4
"Alr","bank","Cer.fon","Persistent",112
"Alr","bank","Dia.del","Persistent",93
"Alr","bank","Epi.sp","Transient",30
"Alr","bank","Eri.uni","Transient",1
"Alr","bank","Fes.rub","Persistent",1
"Alr","bank","Hie.pil","Persistent",14
"Alr","bank","Hie.vul","Transient",1
"Alr","bank","Lot.cor","Persistent",3
"Alr","bank","Luz.mul","Persistent",2
"Alr","bank","Luz.pil","Transient",2
"Alr","bank","Oma.nor","Transient",11
"Alr","bank","Oma.syl","Transient",3
"Alr","bank","Oxa.ace","Transient",1
"Alr","bank","Pla.maj","Transient",4
"Alr","bank","Poa.pra","Persistent",44
"Alr","bank","Pot.ere","Persistent",1
"Alr","bank","Pru.vul","Persistent",142
"Alr","bank","Rhi.min","Persistent",2
"Alr","bank","Rum.ace","Persistent",86
"Alr","bank","Rum.acl","Persistent",371
"Alr","bank","Sag.sp","Transient",476
"Alr","bank","Sed.ann","Transient",21
"Alr","bank","Sil.vul","Persistent",9
"Alr","bank","sp","Persistent",5
"Alr","bank","Ste.med","Transient",4
"Alr","bank","Tar.sp","Persistent",7
"Alr","bank","Tri.pra","Persistent",1
"Alr","bank","Tri.rep","Persistent",48
"Alr","bank","Urt.dio","Transient",2
"Alr","bank","Ver.off","Persistent",42
"Alr","bank","Ver.ser","Persistent",1497
"Alr","bank","Vio.bif","Transient",4
"Alr","bank","Vio.pal","Transient",10
"Alr","bank","Vio.riv","Persistent",90
"Alr","bank","Vio.tri","Persistent",161
"Alr","bank","Vis.vul","Transient",10
"Alr","est","Agr.cap","Persistent",2
"Alr","est","Bis.viv","Persistent",1
"Alr","est","Cam.rot","Persistent",8
"Alr","est","Cer.fon","Persistent",2
"Alr","est","Dia.del","Persistent",3
"Alr","est","Eup.sp","Persistent",1
"Alr","est","Hie.pil","Persistent",1
"Alr","est","Kna.arv","Persistent",2
"Alr","est","Leo.aut","Persistent",7
"Alr","est","Leu.vul","Persistent",2
"Alr","est","Lot.cor","Persistent",3
"Alr","est","Pru.vul","Persistent",9
"Alr","est","Rum.ace","Persistent",2
"Alr","est","Rum.acl","Persistent",24
"Alr","est","sp","Persistent",9
"Alr","est","Tri.rep","Persistent",4
"Alr","est","Ver.ser","Persistent",21
"Alr","est","Vio.riv","Persistent",11
"Alr","est","Vio.tri","Persistent",3
"Alr","est","Vis.vul","Transient",3
"Alr","germ","Agr.cap","Persistent",3
"Alr","germ","Bis.viv","Persistent",3
"Alr","germ","Cam.rot","Persistent",9
"Alr","germ","Cer.fon","Persistent",7
"Alr","germ","Dia.del","Persistent",4
"Alr","germ","Eup.sp","Persistent",1
"Alr","germ","Hie.pil","Persistent",2
"Alr","germ","Kna.arv","Persistent",2
"Alr","germ","Leo.aut","Persistent",9
"Alr","germ","Leu.vul","Persistent",2
"Alr","germ","Lot.cor","Persistent",5
"Alr","germ","Pru.vul","Persistent",14
"Alr","germ","Rum.ace","Persistent",6
"Alr","germ","Rum.acl","Persistent",34
"Alr","germ","sp","Persistent",36
"Alr","germ","Tri.rep","Persistent",7
"Alr","germ","Ver.off","Persistent",3
"Alr","germ","Ver.ser","Persistent",31
"Alr","germ","Vio.riv","Persistent",14
"Alr","germ","Vio.tri","Persistent",9
"Alr","germ","Vis.vul","Transient",4
"Alr","mature","Ach.mil","Persistent",126
"Alr","mature","Agr.cap","Persistent",1619
"Alr","mature","Alc.alp","Persistent",14
"Alr","mature","Ant.odo","Persistent",39
"Alr","mature","Bis.viv","Persistent",166
"Alr","mature","Cam.rot","Persistent",38
"Alr","mature","Car.pal","Transient",8
"Alr","mature","Car.pil","Transient",2
"Alr","mature","Caru.car","Transient",8
"Alr","mature","Cer.fon","Persistent",13
"Alr","mature","Des.ces","Persistent",17
"Alr","mature","Dia.del","Persistent",28
"Alr","mature","Eup.sp","Persistent",9
"Alr","mature","Fes.ovi","Transient",1
"Alr","mature","Fes.rub","Persistent",148
"Alr","mature","Gen.ama","Persistent",8
"Alr","mature","Ger.syl","Transient",3
"Alr","mature","Hie.pil","Persistent",591
"Alr","mature","Hie.vul","Transient",2
"Alr","mature","Hype.mac","Persistent",123
"Alr","mature","Kna.arv","Persistent",82
"Alr","mature","Leo.aut","Persistent",110
"Alr","mature","Leu.vul","Persistent",48
"Alr","mature","Lot.cor","Persistent",251
"Alr","mature","Luz.mul","Persistent",4
"Alr","mature","Mel.pra","Transient",2
"Alr","mature","Nar.str","Persistent",33
"Alr","mature","Noc.cae","Transient",2
"Alr","mature","Phl.alp","Persistent",8
"Alr","mature","Pla.med","Persistent",36
"Alr","mature","Poa.alp","Persistent",27
"Alr","mature","Poa.pra","Persistent",21
"Alr","mature","Pot.ere","Persistent",37
"Alr","mature","Pru.vul","Persistent",274
"Alr","mature","Ran.acr","Persistent",95
"Alr","mature","Rhi.min","Persistent",53
"Alr","mature","Rum.ace","Persistent",19
"Alr","mature","Rum.acl","Persistent",102
"Alr","mature","Sag.sp","Transient",3
"Alr","mature","Sil.vul","Persistent",39
"Alr","mature","sp","Persistent",7
"Alr","mature","Ste.gra","Transient",2
"Alr","mature","Tar.sp","Persistent",50
"Alr","mature","Tri.med","Transient",4
"Alr","mature","Tri.pra","Persistent",134
"Alr","mature","Tri.rep","Persistent",333
"Alr","mature","Ver.cha","Persistent",7
"Alr","mature","Ver.off","Persistent",197
"Alr","mature","Ver.ser","Persistent",61
"Alr","mature","Vic.cra","Persistent",17
"Alr","mature","Vio.riv","Persistent",108
"Alr","mature","Vio.tri","Persistent",18
"Alr","rain","Agr.cap","Persistent",47
"Alr","rain","Ant.odo","Persistent",9
"Alr","rain","Bis.viv","Persistent",23
"Alr","rain","Cer.fon","Persistent",5
"Alr","rain","Des.ces","Persistent",3
"Alr","rain","Eup.sp","Persistent",35
"Alr","rain","Hie.pil","Persistent",104
"Alr","rain","Kna.arv","Persistent",1
"Alr","rain","Leo.aut","Persistent",550
"Alr","rain","Lot.cor","Persistent",2
"Alr","rain","Poa.pra","Persistent",38
"Alr","rain","Pru.vul","Persistent",25
"Alr","rain","Ran.acr","Persistent",57
"Alr","rain","Rhi.min","Persistent",13
"Alr","rain","Rum.ace","Persistent",1
"Alr","rain","Sil.vul","Persistent",1
"Alr","rain","Tar.sp","Persistent",18
"Alr","rain","Tri.pra","Persistent",23
"Alr","rain","Tri.rep","Persistent",7
"Alr","rain","Ver.off","Persistent",24
"Alr","rain","Vio.riv","Persistent",15
"Alr","rain","Vio.tri","Persistent",2
"Arh","bank","Ach.mil","Persistent",4
"Arh","bank","Agr.cap","Persistent",372
"Arh","bank","Aju.pyr","Transient",1
"Arh","bank","Ant.odo","Persistent",88
"Arh","bank","Bis.viv","Persistent",3
"Arh","bank","Cam.rot","Persistent",42
"Arh","bank","Car.ech","Transient",3
"Arh","bank","Car.pal","Persistent",218
"Arh","bank","Car.pil","Persistent",69
"Arh","bank","Des.ces","Transient",5
"Arh","bank","Emp.her","Transient",1
"Arh","bank","Epi.sp","Transient",8
"Arh","bank","Fes.rub","Persistent",1
"Arh","bank","Hie.pil","Transient",56
"Arh","bank","Hype.mac","Persistent",163
"Arh","bank","Luz.mul","Persistent",45
"Arh","bank","Luz.pil","Persistent",22
"Arh","bank","Nar.str","Transient",4
"Arh","bank","Oma.syl","Transient",5
"Arh","bank","Pla.lan","Persistent",24
"Arh","bank","Pot.ere","Persistent",70
"Arh","bank","Rum.acl","Transient",1
"Arh","bank","Sag.sp","Transient",5
"Arh","bank","Ste.med","Transient",8
"Arh","bank","Tri.rep","Persistent",4
"Arh","bank","Urt.dio","Transient",5
"Arh","bank","Ver.cha","Persistent",1
"Arh","bank","Ver.off","Persistent",45
"Arh","bank","Ver.ser","Transient",2
"Arh","bank","Vio.pal","Persistent",55
"Arh","est","Agr.cap","Persistent",24
"Arh","est","Ant.odo","Persistent",6
"Arh","est","Car.pal","Persistent",4
"Arh","est","Car.pil","Persistent",6
"Arh","est","Fes.rub","Persistent",2
"Arh","est","Hype.mac","Persistent",2
"Arh","est","Luz.mul","Persistent",1
"Arh","est","Luz.pil","Persistent",1
"Arh","est","Mel.pra","Persistent",6
"Arh","est","Pla.lan","Persistent",7
"Arh","est","Pot.ere","Persistent",3
"Arh","est","Rum.acl","Transient",1
"Arh","est","sp","Transient",1
"Arh","est","Ste.gra","Persistent",12
"Arh","est","Ver.ser","Transient",4
"Arh","germ","Agr.cap","Persistent",26
"Arh","germ","Ane.nem","Persistent",6
"Arh","germ","Ant.odo","Persistent",6
"Arh","germ","Bis.viv","Persistent",3
"Arh","germ","Cam.rot","Persistent",5
"Arh","germ","Car.pal","Persistent",13
"Arh","germ","Car.pil","Persistent",14
"Arh","germ","Cer.fon","Transient",1
"Arh","germ","Fes.rub","Persistent",3
"Arh","germ","Gal.sax","Transient",1
"Arh","germ","Ger.syl","Persistent",1
"Arh","germ","Hie.vul","Persistent",1
"Arh","germ","Hype.mac","Persistent",70
"Arh","germ","Leo.aut","Transient",1
"Arh","germ","Luz.mul","Persistent",1
"Arh","germ","Luz.pil","Persistent",1
"Arh","germ","Mel.pra","Persistent",10
"Arh","germ","Pla.lan","Persistent",9
"Arh","germ","Pot.ere","Persistent",35
"Arh","germ","Pru.vul","Transient",5
"Arh","germ","Ran.aur","Persistent",1
"Arh","germ","Rum.ace","Persistent",1
"Arh","germ","Rum.acl","Transient",1
"Arh","germ","sp","Transient",108
"Arh","germ","Ste.gra","Persistent",21
"Arh","germ","Ste.med","Transient",1
"Arh","germ","Tri.rep","Persistent",21
"Arh","germ","Ver.off","Persistent",9
"Arh","germ","Ver.ser","Transient",9
"Arh","germ","Vio.pal","Persistent",4
"Arh","germ","Vio.riv","Persistent",3
"Arh","mature","Ach.mil","Persistent",8
"Arh","mature","Agr.cap","Persistent",566
"Arh","mature","Ane.nem","Persistent",148
"Arh","mature","Ant.odo","Persistent",771
"Arh","mature","Ave.fle","Persistent",54
"Arh","mature","Bis.viv","Persistent",150
"Arh","mature","Cam.rot","Persistent",45
"Arh","mature","Car.lep","Transient",1
"Arh","mature","Car.pal","Persistent",120
"Arh","mature","Car.pil","Persistent",82
"Arh","mature","Cir.pal","Transient",16
"Arh","mature","Des.ces","Transient",2
"Arh","mature","Eup.sp","Persistent",7
"Arh","mature","Fes.ovi","Transient",3
"Arh","mature","Fes.rub","Persistent",101
"Arh","mature","Gal.bor","Transient",1
"Arh","mature","Ger.syl","Persistent",79
"Arh","mature","Hie.pil","Transient",3
"Arh","mature","Hie.vul","Persistent",53
"Arh","mature","Hype.mac","Persistent",38
"Arh","mature","Kna.arv","Transient",3
"Arh","mature","Leo.aut","Transient",4
"Arh","mature","Lot.cor","Transient",3
"Arh","mature","Luz.mul","Persistent",50
"Arh","mature","Luz.pil","Persistent",64
"Arh","mature","Mel.pra","Persistent",70
"Arh","mature","Nar.str","Transient",2
"Arh","mature","Oxa.ace","Transient",1
"Arh","mature","Pla.lan","Persistent",158
"Arh","mature","Poa.pra","Persistent",18
"Arh","mature","Pot.ere","Persistent",724
"Arh","mature","Ran.acr","Persistent",30
"Arh","mature","Ran.aur","Persistent",21
"Arh","mature","Rhi.min","Persistent",19
"Arh","mature","Rum.ace","Persistent",80
"Arh","mature","Sol.vir","Transient",1
"Arh","mature","sp","Transient",2
"Arh","mature","Ste.gra","Persistent",18
"Arh","mature","Ste.med","Transient",2
"Arh","mature","Tri.pra","Persistent",15
"Arh","mature","Tri.rep","Persistent",164
"Arh","mature","Ver.cha","Persistent",72
"Arh","mature","Ver.off","Persistent",211
"Arh","mature","Vio.pal","Persistent",325
"Arh","mature","Vio.riv","Persistent",21
"Arh","rain","Agr.cap","Persistent",7
"Arh","rain","Ant.odo","Persistent",170
"Arh","rain","Bis.viv","Persistent",2
"Arh","rain","Car.lep","Transient",88
"Arh","rain","Car.pal","Persistent",118
"Arh","rain","Des.ces","Transient",17
"Arh","rain","Fes.rub","Persistent",11
"Arh","rain","Ger.syl","Persistent",16
"Arh","rain","Hie.vul","Persistent",1
"Arh","rain","Kna.arv","Transient",2
"Arh","rain","Luz.mul","Persistent",3
"Arh","rain","Luz.pil","Persistent",2
"Arh","rain","Mel.pra","Persistent",1
"Arh","rain","Oma.sup","Transient",1
"Arh","rain","Pla.lan","Persistent",5
"Arh","rain","Pot.ere","Persistent",35
"Arh","rain","Rum.ace","Persistent",10
"Arh","rain","sp","Transient",10
"Arh","rain","Ver.cha","Persistent",2
"Arh","rain","Ver.off","Persistent",11
"Arh","rain","Vio.pal","Persistent",9
"Arh","rain","Vio.riv","Persistent",3
"Fau","bank","Ach.mil","Persistent",10
"Fau","bank","Agr.cap","Persistent",169
"Fau","bank","Ave.fle","Transient",1
"Fau","bank","Cal.vul","Transient",3
"Fau","bank","Cam.rot","Persistent",12
"Fau","bank","Car.pal","Transient",1
"Fau","bank","Cer.fon","Persistent",40
"Fau","bank","Des.ces","Transient",4
"Fau","bank","Dia.del","Persistent",43
"Fau","bank","Epi.sp","Transient",1
"Fau","bank","Fes.ovi","Persistent",1
"Fau","bank","Fes.rub","Persistent",26
"Fau","bank","Fra.ves","Transient",7
"Fau","bank","Gal.bor","Persistent",2
"Fau","bank","Gal.sax","Transient",1
"Fau","bank","Ger.syl","Persistent",2
"Fau","bank","Hie.pil","Persistent",336
"Fau","bank","Hypo.mac","Persistent",11
"Fau","bank","Leo.aut","Persistent",1
"Fau","bank","Leu.vul","Persistent",113
"Fau","bank","Lot.cor","Persistent",4
"Fau","bank","Luz.mul","Transient",28
"Fau","bank","Luz.pil","Transient",57
"Fau","bank","Nar.str","Transient",2
"Fau","bank","Pim.sax","Persistent",7
"Fau","bank","Pla.lan","Persistent",1
"Fau","bank","Pla.med","Persistent",22
"Fau","bank","Poa.alp","Persistent",11
"Fau","bank","Poa.pra","Persistent",5
"Fau","bank","Pol.avi","Transient",1
"Fau","bank","Pot.arg","Persistent",2
"Fau","bank","Pot.cra","Transient",2
"Fau","bank","Pot.ere","Transient",3
"Fau","bank","Ran.acr","Persistent",4
"Fau","bank","Rum.ace","Persistent",5
"Fau","bank","Rum.acl","Persistent",1
"Fau","bank","Sag.sp","Transient",509
"Fau","bank","Sil.vul","Transient",1
"Fau","bank","sp","Persistent",4
"Fau","bank","Ste.gra","Persistent",1
"Fau","bank","Ste.med","Transient",176
"Fau","bank","Tar.sp","Persistent",3
"Fau","bank","Tri.pra","Persistent",1
"Fau","bank","Urt.dio","Transient",17
"Fau","bank","Ver.off","Persistent",78
"Fau","bank","Ver.ser","Persistent",27
"Fau","bank","Vio.tri","Transient",2
"Fau","bank","Vis.vul","Transient",41
"Fau","est","Cam.rot","Persistent",1
"Fau","est","Caru.car","Persistent",3
"Fau","est","Cer.fon","Persistent",1
"Fau","est","Dia.del","Persistent",4
"Fau","est","Eup.sp","Transient",6
"Fau","est","Gal.ver","Persistent",1
"Fau","est","Hie.pil","Persistent",3
"Fau","est","Kna.arv","Persistent",1
"Fau","est","Noc.cae","Persistent",2
"Fau","est","Pim.sax","Persistent",1
"Fau","est","Pot.arg","Persistent",2
"Fau","est","Pot.ere","Transient",2
"Fau","est","Rum.ace","Persistent",1
"Fau","est","Rum.acl","Persistent",13
"Fau","est","Sil.vul","Transient",1
"Fau","est","Ste.gra","Persistent",7
"Fau","est","Tar.sp","Persistent",3
"Fau","est","Ver.ser","Persistent",2
"Fau","est","Vio.tri","Transient",2
"Fau","est","Vis.vul","Transient",2
"Fau","germ","Ach.mil","Persistent",1
"Fau","germ","Cam.rot","Persistent",2
"Fau","germ","Caru.car","Persistent",5
"Fau","germ","Cer.fon","Persistent",19
"Fau","germ","Dia.del","Persistent",22
"Fau","germ","Eup.sp","Transient",9
"Fau","germ","Gal.ver","Persistent",2
"Fau","germ","Hie.pil","Persistent",147
"Fau","germ","Kna.arv","Persistent",3
"Fau","germ","Leu.vul","Persistent",16
"Fau","germ","Lot.cor","Persistent",1
"Fau","germ","Noc.cae","Persistent",53
"Fau","germ","Pim.sax","Persistent",5
"Fau","germ","Pot.arg","Persistent",17
"Fau","germ","Pot.ere","Transient",6
"Fau","germ","Ran.acr","Persistent",1
"Fau","germ","Rum.ace","Persistent",5
"Fau","germ","Rum.acl","Persistent",15
"Fau","germ","Sil.vul","Transient",1
"Fau","germ","sp","Persistent",186
"Fau","germ","Ste.gra","Persistent",15
"Fau","germ","Ste.med","Transient",23
"Fau","germ","Tar.sp","Persistent",14
"Fau","germ","Tri.pra","Persistent",2
"Fau","germ","Tri.rep","Persistent",2
"Fau","germ","Ver.ser","Persistent",45
"Fau","germ","Vio.tri","Transient",4
"Fau","germ","Vis.vul","Transient",2
"Fau","mature","Ach.mil","Persistent",455
"Fau","mature","Agr.cap","Persistent",643
"Fau","mature","Alc.alp","Transient",1
"Fau","mature","Ant.odo","Transient",3
"Fau","mature","Ave.fle","Transient",2
"Fau","mature","Ave.pub","Persistent",17
"Fau","mature","Cam.rot","Persistent",30
"Fau","mature","Car.pal","Transient",4
"Fau","mature","Caru.car","Persistent",20
"Fau","mature","Cer.fon","Persistent",11
"Fau","mature","Dac.glo","Persistent",101
"Fau","mature","Des.ces","Transient",2
"Fau","mature","Dia.del","Persistent",73
"Fau","mature","Fes.ovi","Persistent",62
"Fau","mature","Fes.rub","Persistent",164
"Fau","mature","Gal.bor","Persistent",16
"Fau","mature","Gal.uli","Persistent",17
"Fau","mature","Gal.ver","Persistent",125
"Fau","mature","Ger.syl","Persistent",22
"Fau","mature","Hie.pil","Persistent",318
"Fau","mature","Hype.mac","Transient",1
"Fau","mature","Hypo.mac","Persistent",52
"Fau","mature","Kna.arv","Persistent",140
"Fau","mature","Leo.aut","Persistent",5
"Fau","mature","Leu.vul","Persistent",97
"Fau","mature","Lot.cor","Persistent",13
"Fau","mature","Mel.pra","Transient",1
"Fau","mature","Myo.dec","Transient",1
"Fau","mature","Noc.cae","Persistent",149
"Fau","mature","Phl.pra","Persistent",8
"Fau","mature","Pim.sax","Persistent",194
"Fau","mature","Pla.lan","Persistent",25
"Fau","mature","Pla.med","Persistent",179
"Fau","mature","Poa.alp","Persistent",11
"Fau","mature","Poa.pra","Persistent",94
"Fau","mature","Pot.arg","Persistent",9
"Fau","mature","Pot.ere","Transient",1
"Fau","mature","Pru.vul","Transient",11
"Fau","mature","Ran.acr","Persistent",15
"Fau","mature","Rum.ace","Persistent",75
"Fau","mature","Rum.acl","Persistent",26
"Fau","mature","Sed.acr","Persistent",17
"Fau","mature","Sil.vul","Transient",2
"Fau","mature","sp","Persistent",949
"Fau","mature","Ste.gra","Persistent",85
"Fau","mature","Ste.med","Transient",8
"Fau","mature","Tar.sp","Persistent",84
"Fau","mature","Tri.med","Persistent",112
"Fau","mature","Tri.pra","Persistent",253
"Fau","mature","Tri.rep","Persistent",88
"Fau","mature","Ver.cha","Persistent",29
"Fau","mature","Ver.off","Persistent",238
"Fau","mature","Ver.ser","Persistent",33
"Fau","mature","Vic.cra","Persistent",76
"Fau","mature","Vic.sep","Transient",1
"Fau","mature","Vio.riv","Persistent",15
"Fau","mature","Vio.tri","Transient",5
"Fau","mature","Vis.vul","Transient",2
"Fau","rain","Ach.mil","Persistent",1
"Fau","rain","Agr.cap","Persistent",85
"Fau","rain","Ant.odo","Transient",2
"Fau","rain","Caru.car","Persistent",1
"Fau","rain","Cer.fon","Persistent",38
"Fau","rain","Dac.glo","Persistent",1
"Fau","rain","Dia.del","Persistent",28
"Fau","rain","Fes.ovi","Persistent",33
"Fau","rain","Gal.ver","Persistent",3
"Fau","rain","Ger.syl","Persistent",1
"Fau","rain","Hie.pil","Persistent",507
"Fau","rain","Kna.arv","Persistent",7
"Fau","rain","Leo.aut","Persistent",2
"Fau","rain","Leu.vul","Persistent",271
"Fau","rain","Noc.cae","Persistent",1
"Fau","rain","Phl.pra","Persistent",58
"Fau","rain","Pim.sax","Persistent",213
"Fau","rain","Pla.med","Persistent",21
"Fau","rain","Poa.pra","Persistent",81
"Fau","rain","Pot.cra","Transient",4
"Fau","rain","Ran.acr","Persistent",5
"Fau","rain","Rum.ace","Persistent",23
"Fau","rain","sp","Persistent",117
"Fau","rain","Ste.gra","Persistent",136
"Fau","rain","Tar.sp","Persistent",143
"Fau","rain","Tri.pra","Persistent",82
"Fau","rain","Tri.rep","Persistent",5
"Fau","rain","Ver.cha","Persistent",4
"Fau","rain","Ver.off","Persistent",128
"Fau","rain","Vio.riv","Persistent",1
"Fau","rain","Vio.tri","Transient",1
"Gud","bank","Ach.mil","Persistent",3
"Gud","bank","Agr.cap","Persistent",12
"Gud","bank","Alc.alp","Persistent",1
"Gud","bank","Ant.odo","Persistent",3
"Gud","bank","Ast.alp","Persistent",1
"Gud","bank","Bis.viv","Persistent",135
"Gud","bank","Cam.rot","Persistent",27
"Gud","bank","Car.cap","Persistent",32
"Gud","bank","Car.nig","Transient",2
"Gud","bank","Car.nor","Persistent",1
"Gud","bank","Car.vag","Persistent",4
"Gud","bank","Cer.cer","Transient",1
"Gud","bank","Des.ces","Persistent",85
"Gud","bank","Emp.her","Persistent",1
"Gud","bank","Epi.sp","Persistent",162
"Gud","bank","Fes.rub","Persistent",1
"Gud","bank","Ger.syl","Persistent",1
"Gud","bank","Leo.aut","Persistent",20
"Gud","bank","Luz.mul","Persistent",4
"Gud","bank","Nar.str","Persistent",53
"Gud","bank","Par.pal","Persistent",21
"Gud","bank","Pin.vul","Persistent",36
"Gud","bank","Pot.cra","Persistent",3
"Gud","bank","Pot.ere","Persistent",6
"Gud","bank","Ran.acr","Persistent",6
"Gud","bank","Rum.acl","Transient",2
"Gud","bank","Sag.sp","Persistent",455
"Gud","bank","Sax.aiz","Persistent",3
"Gud","bank","Sax.opp","Transient",1
"Gud","bank","Sib.pro","Persistent",1
"Gud","bank","sp","Persistent",1
"Gud","bank","Ste.med","Transient",2
"Gud","bank","Tha.alp","Persistent",6
"Gud","bank","Urt.dio","Transient",1
"Gud","bank","Ver.alp","Persistent",9
"Gud","bank","Ver.off","Transient",4
"Gud","bank","Ver.ser","Transient",3
"Gud","bank","Vio.bif","Persistent",3
"Gud","bank","Vio.pal","Persistent",15
"Gud","est","Bis.viv","Persistent",2
"Gud","est","Cam.rot","Persistent",1
"Gud","est","Eup.sp","Persistent",2
"Gud","est","Leo.aut","Persistent",3
"Gud","est","Pin.vul","Persistent",2
"Gud","est","Pot.cra","Persistent",1
"Gud","est","Rhi.min","Persistent",1
"Gud","est","Tar.sp","Persistent",1
"Gud","germ","Alc.alp","Persistent",1
"Gud","germ","Bis.viv","Persistent",7
"Gud","germ","Cam.rot","Persistent",17
"Gud","germ","Car.cap","Persistent",1
"Gud","germ","Eup.sp","Persistent",4
"Gud","germ","Leo.aut","Persistent",19
"Gud","germ","Pin.vul","Persistent",11
"Gud","germ","Pot.cra","Persistent",2
"Gud","germ","Pot.ere","Persistent",3
"Gud","germ","Ran.acr","Persistent",3
"Gud","germ","Rhi.min","Persistent",2
"Gud","germ","Rum.ace","Persistent",1
"Gud","germ","Sag.sp","Persistent",1
"Gud","germ","Sil.aca","Persistent",13
"Gud","germ","sp","Persistent",63
"Gud","germ","Tar.sp","Persistent",1
"Gud","germ","Ver.alp","Persistent",3
"Gud","germ","Vio.bif","Persistent",3
"Gud","germ","Vio.pal","Persistent",1
"Gud","mature","Ach.mil","Persistent",296
"Gud","mature","Aco.sep","Transient",1
"Gud","mature","Agr.cap","Persistent",129
"Gud","mature","Agr.mer","Transient",5
"Gud","mature","Alc.alp","Persistent",59
"Gud","mature","Ant.dio","Persistent",315
"Gud","mature","Ant.odo","Persistent",127
"Gud","mature","Ast.alp","Persistent",226
"Gud","mature","Ave.fle","Persistent",28
"Gud","mature","Bar.alp","Transient",1
"Gud","mature","Bis.viv","Persistent",229
"Gud","mature","Cal.vul","Persistent",10
"Gud","mature","Cam.rot","Persistent",128
"Gud","mature","Car.big","Persistent",51
"Gud","mature","Car.cap","Persistent",283
"Gud","mature","Car.fla","Transient",2
"Gud","mature","Car.nig","Transient",1
"Gud","mature","Car.nor","Persistent",15
"Gud","mature","Car.rup","Transient",6
"Gud","mature","Car.vag","Persistent",224
"Gud","mature","Cer.alp","Transient",1
"Gud","mature","Cer.fon","Persistent",7
"Gud","mature","Com.ten","Persistent",6
"Gud","mature","Des.ces","Persistent",148
"Gud","mature","Emp.her","Persistent",45
"Gud","mature","Epi.sp","Persistent",9
"Gud","mature","Eri.uni","Persistent",12
"Gud","mature","Eup.sp","Persistent",100
"Gud","mature","Fes.ovi","Persistent",27
"Gud","mature","Fes.rub","Persistent",84
"Gud","mature","Gen.ama","Transient",1
"Gud","mature","Gen.niv","Transient",3
"Gud","mature","Ger.syl","Persistent",19
"Gud","mature","Geu.riv","Persistent",28
"Gud","mature","Hie.alp","Persistent",11
"Gud","mature","Hie.pil","Transient",1
"Gud","mature","Hie.vul","Transient",12
"Gud","mature","Kob.sim","Transient",9
"Gud","mature","Leo.aut","Persistent",65
"Gud","mature","Luz.mul","Persistent",27
"Gud","mature","Luz.spi","Transient",13
"Gud","mature","Myo.dec","Transient",3
"Gud","mature","Nar.str","Persistent",313
"Gud","mature","Oma.sup","Transient",1
"Gud","mature","Par.pal","Persistent",114
"Gud","mature","Phl.alp","Persistent",15
"Gud","mature","Pin.vul","Persistent",12
"Gud","mature","Poa.alp","Persistent",13
"Gud","mature","Poa.pra","Persistent",5
"Gud","mature","Pot.cra","Persistent",48
"Gud","mature","Pot.ere","Persistent",71
"Gud","mature","Pru.vul","Persistent",17
"Gud","mature","Pyr.sp","Persistent",29
"Gud","mature","Ran.acr","Persistent",48
"Gud","mature","Rhi.min","Persistent",39
"Gud","mature","Rum.ace","Persistent",8
"Gud","mature","Sag.sp","Persistent",9
"Gud","mature","Sau.alp","Persistent",36
"Gud","mature","Sax.aiz","Persistent",5
"Gud","mature","Sib.pro","Persistent",26
"Gud","mature","Sil.aca","Persistent",107
"Gud","mature","Sol.vir","Persistent",22
"Gud","mature","sp","Persistent",3
"Gud","mature","Tar.sp","Persistent",53
"Gud","mature","Tha.alp","Persistent",471
"Gud","mature","Tof.pus","Persistent",24
"Gud","mature","Tri.ces","Persistent",9
"Gud","mature","Tri.eur","Transient",6
"Gud","mature","Ver.alp","Persistent",66
"Gud","mature","Ver.ser","Transient",1
"Gud","mature","Vio.bif","Persistent",12
"Gud","mature","Vio.pal","Persistent",33
"Gud","mature","Vio.riv","Persistent",16
"Gud","rain","Alc.alp","Persistent",13
"Gud","rain","Ant.odo","Persistent",4
"Gud","rain","Ast.alp","Persistent",7
"Gud","rain","Bis.viv","Persistent",14
"Gud","rain","Cam.rot","Persistent",5
"Gud","rain","Car.cap","Persistent",4
"Gud","rain","Car.nor","Persistent",4
"Gud","rain","Des.ces","Persistent",31
"Gud","rain","Emp.her","Persistent",1
"Gud","rain","Fes.ovi","Persistent",3
"Gud","rain","Fes.rub","Persistent",3
"Gud","rain","Gen.ama","Transient",1
"Gud","rain","Nar.str","Persistent",167
"Gud","rain","Pot.ere","Persistent",5
"Gud","rain","Sil.aca","Persistent",7
"Gud","rain","Sol.vir","Persistent",2
"Gud","rain","sp","Persistent",2
"Gud","rain","Tof.pus","Persistent",1
"Gud","rain","Vio.bif","Persistent",1
"Gud","rain","Vio.pal","Persistent",1
"Gud","rain","Vio.riv","Persistent",2
"Hog","bank","Ach.mil","Persistent",3
"Hog","bank","Agr.cap","Persistent",1287
"Hog","bank","Alc.alp","Persistent",2
"Hog","bank","Ant.odo","Persistent",52
"Hog","bank","Ave.fle","Persistent",6
"Hog","bank","Cal.vul","Transient",1
"Hog","bank","Cam.rot","Persistent",408
"Hog","bank","Car.lep","Persistent",256
"Hog","bank","Car.pal","Transient",439
"Hog","bank","Car.vag","Persistent",26
"Hog","bank","Des.ces","Persistent",113
"Hog","bank","Emp.her","Transient",1
"Hog","bank","Epi.sp","Transient",7
"Hog","bank","Fes.rub","Persistent",6
"Hog","bank","Gal.bor","Transient",6
"Hog","bank","Gal.sax","Persistent",5
"Hog","bank","Hie.vul","Transient",1
"Hog","bank","Hype.mac","Persistent",12
"Hog","bank","Leo.aut","Transient",2
"Hog","bank","Lot.cor","Transient",1
"Hog","bank","Luz.mul","Persistent",11
"Hog","bank","Luz.pil","Transient",19
"Hog","bank","Poa.pra","Persistent",10
"Hog","bank","Pot.ere","Persistent",477
"Hog","bank","Ran.acr","Transient",59
"Hog","bank","Rum.ace","Persistent",40
"Hog","bank","Rum.acl","Transient",2
"Hog","bank","Sag.sp","Transient",1
"Hog","bank","Sil.vul","Transient",1
"Hog","bank","sp","Transient",16
"Hog","bank","Ste.gra","Persistent",5
"Hog","bank","Ste.med","Transient",205
"Hog","bank","Tri.pra","Persistent",12
"Hog","bank","Tri.rep","Persistent",6
"Hog","bank","Urt.dio","Transient",9
"Hog","bank","Ver.cha","Persistent",41
"Hog","bank","Ver.off","Persistent",239
"Hog","bank","Ver.ser","Transient",406
"Hog","bank","Vio.bif","Transient",15
"Hog","bank","Vio.pal","Persistent",460
"Hog","bank","Vio.riv","Persistent",141
"Hog","bank","Vio.tri","Transient",10
"Hog","est","Agr.cap","Persistent",1
"Hog","est","Alc.alp","Persistent",7
"Hog","est","Cam.rot","Persistent",1
"Hog","est","Gal.uli","Persistent",3
"Hog","est","Hype.mac","Persistent",3
"Hog","est","Luz.mul","Persistent",1
"Hog","est","Pot.ere","Persistent",5
"Hog","est","Ran.acr","Transient",3
"Hog","est","sp","Transient",53
"Hog","est","Tri.pra","Persistent",3
"Hog","est","Ver.cha","Persistent",6
"Hog","est","Ver.off","Persistent",51
"Hog","est","Ver.ser","Transient",1
"Hog","est","Vio.pal","Persistent",1
"Hog","est","Vio.riv","Persistent",10
"Hog","est","Vio.tri","Transient",21
"Hog","germ","Agr.cap","Persistent",1
"Hog","germ","Alc.alp","Persistent",14
"Hog","germ","Cam.rot","Persistent",8
"Hog","germ","Gal.sax","Persistent",3
"Hog","germ","Gal.uli","Persistent",5
"Hog","germ","Hype.mac","Persistent",4
"Hog","germ","Luz.mul","Persistent",1
"Hog","germ","Pot.ere","Persistent",7
"Hog","germ","Ran.acr","Transient",9
"Hog","germ","sp","Transient",176
"Hog","germ","Ste.med","Transient",1
"Hog","germ","Tri.pra","Persistent",4
"Hog","germ","Tri.rep","Persistent",2
"Hog","germ","Ver.cha","Persistent",15
"Hog","germ","Ver.off","Persistent",106
"Hog","germ","Ver.ser","Transient",1
"Hog","germ","Vio.pal","Persistent",3
"Hog","germ","Vio.riv","Persistent",20
"Hog","germ","Vio.tri","Transient",33
"Hog","mature","Ach.mil","Persistent",208
"Hog","mature","Agr.cap","Persistent",530
"Hog","mature","Alc.alp","Persistent",48
"Hog","mature","Ant.odo","Persistent",171
"Hog","mature","Ave.fle","Persistent",86
"Hog","mature","Bis.viv","Transient",1
"Hog","mature","Cal.vul","Transient",1
"Hog","mature","Cam.rot","Persistent",19
"Hog","mature","Car.lep","Persistent",43
"Hog","mature","Car.pal","Transient",3
"Hog","mature","Car.pil","Transient",1
"Hog","mature","Car.vag","Persistent",208
"Hog","mature","Des.ces","Persistent",143
"Hog","mature","Fes.ovi","Persistent",190
"Hog","mature","Fes.rub","Persistent",134
"Hog","mature","Gal.bor","Transient",1
"Hog","mature","Gal.sax","Persistent",52
"Hog","mature","Gal.uli","Persistent",18
"Hog","mature","Hype.mac","Persistent",20
"Hog","mature","Luz.mul","Persistent",54
"Hog","mature","Phl.alp","Persistent",15
"Hog","mature","Poa.alp","Transient",1
"Hog","mature","Poa.ann","Transient",1
"Hog","mature","Poa.pra","Persistent",63
"Hog","mature","Pot.ere","Persistent",350
"Hog","mature","Rum.ace","Persistent",11
"Hog","mature","Rum.acl","Transient",2
"Hog","mature","Ste.gra","Persistent",29
"Hog","mature","Tri.pra","Persistent",72
"Hog","mature","Tri.rep","Persistent",245
"Hog","mature","Ver.cha","Persistent",151
"Hog","mature","Ver.fru","Transient",1
"Hog","mature","Ver.off","Persistent",1353
"Hog","mature","Vio.pal","Persistent",294
"Hog","mature","Vio.riv","Persistent",70
"Hog","mature","Vio.tri","Transient",2
"Hog","rain","Ach.mil","Persistent",1
"Hog","rain","Agr.cap","Persistent",126
"Hog","rain","Alc.alp","Persistent",7
"Hog","rain","Ant.odo","Persistent",70
"Hog","rain","Ave.fle","Persistent",65
"Hog","rain","Cam.rot","Persistent",45
"Hog","rain","Car.pal","Transient",102
"Hog","rain","Car.pil","Transient",149
"Hog","rain","Des.ces","Persistent",58
"Hog","rain","Fes.ovi","Persistent",6
"Hog","rain","Fes.rub","Persistent",45
"Hog","rain","Gal.sax","Persistent",9
"Hog","rain","Luz.mul","Persistent",5
"Hog","rain","Phl.alp","Persistent",1
"Hog","rain","Poa.alp","Transient",2
"Hog","rain","Poa.pra","Persistent",43
"Hog","rain","Pot.ere","Persistent",55
"Hog","rain","Rum.ace","Persistent",41
"Hog","rain","Tri.pra","Persistent",50
"Hog","rain","Ver.off","Persistent",136
"Hog","rain","Vio.pal","Persistent",27
"Hog","rain","Vio.tri","Transient",2
"Lav","bank","Agr.cap","Persistent",77
"Lav","bank","Alc.alp","Persistent",22
"Lav","bank","Ant.alp","Transient",3
"Lav","bank","Ant.odo","Persistent",6
"Lav","bank","Ara.alp","Transient",6
"Lav","bank","Ara.hir","Transient",5
"Lav","bank","Ast.alp","Persistent",1
"Lav","bank","Ave.fle","Persistent",3
"Lav","bank","Bis.viv","Persistent",22
"Lav","bank","Cal.vul","Transient",3
"Lav","bank","Cam.rot","Persistent",12
"Lav","bank","Car.big","Persistent",15
"Lav","bank","Car.dio","Transient",3
"Lav","bank","Car.nig","Transient",22
"Lav","bank","Car.nor","Persistent",4
"Lav","bank","Car.vag","Persistent",1
"Lav","bank","Cer.cer","Persistent",5
"Lav","bank","Des.ces","Persistent",2
"Lav","bank","Dry.oct","Transient",1
"Lav","bank","Emp.her","Persistent",44
"Lav","bank","Epi.sp","Persistent",109
"Lav","bank","Fes.ovi","Persistent",1
"Lav","bank","Leu.vul","Transient",1
"Lav","bank","Luz.mul","Persistent",8
"Lav","bank","Nar.str","Persistent",1
"Lav","bank","Oma.sup","Persistent",17
"Lav","bank","Oxa.ace","Transient",1
"Lav","bank","Par.pal","Persistent",15
"Lav","bank","Pin.vul","Persistent",25
"Lav","bank","Poa.alp","Persistent",3
"Lav","bank","Poa.pra","Persistent",1
"Lav","bank","Ran.acr","Transient",365
"Lav","bank","Sag.sp","Persistent",2022
"Lav","bank","Sax.aiz","Persistent",5
"Lav","bank","Sax.ces","Transient",1
"Lav","bank","Sax.riv","Transient",2
"Lav","bank","Sax.ste","Transient",3
"Lav","bank","Sib.pro","Persistent",155
"Lav","bank","sp","Persistent",31
"Lav","bank","Ste.med","Transient",1
"Lav","bank","Tha.alp","Persistent",6
"Lav","bank","Ver.alp","Persistent",12
"Lav","bank","Vio.bif","Persistent",19
"Lav","est","Agr.cap","Persistent",1
"Lav","est","Alc.alp","Persistent",13
"Lav","est","Bis.viv","Persistent",4
"Lav","est","Epi.sp","Persistent",2
"Lav","est","Eup.sp","Persistent",1
"Lav","est","Oma.sup","Persistent",3
"Lav","est","Pot.cra","Persistent",1
"Lav","est","Sag.sp","Persistent",13
"Lav","est","Sib.pro","Persistent",20
"Lav","est","Sil.aca","Persistent",2
"Lav","est","sp","Persistent",4
"Lav","est","Tar.sp","Persistent",7
"Lav","germ","Agr.cap","Persistent",1
"Lav","germ","Alc.alp","Persistent",28
"Lav","germ","Bis.viv","Persistent",17
"Lav","germ","Cer.alp","Transient",1
"Lav","germ","Epi.sp","Persistent",7
"Lav","germ","Eup.sp","Persistent",2
"Lav","germ","Oma.sup","Persistent",4
"Lav","germ","Pin.vul","Persistent",1
"Lav","germ","Pot.cra","Persistent",4
"Lav","germ","Sag.sp","Persistent",38
"Lav","germ","Sib.pro","Persistent",60
"Lav","germ","Sil.aca","Persistent",13
"Lav","germ","sp","Persistent",70
"Lav","germ","Ste.med","Transient",1
"Lav","germ","Tar.sp","Persistent",8
"Lav","germ","Tha.alp","Persistent",1
"Lav","germ","Ver.alp","Persistent",2
"Lav","germ","Vio.bif","Persistent",8
"Lav","mature","Ach.mil","Transient",1
"Lav","mature","Agr.cap","Persistent",59
"Lav","mature","Agr.mer","Persistent",100
"Lav","mature","Alc.alp","Persistent",205
"Lav","mature","Ant.dio","Persistent",154
"Lav","mature","Ant.odo","Persistent",155
"Lav","mature","Arc.alp","Transient",2
"Lav","mature","Ast.alp","Persistent",12
"Lav","mature","Ave.fle","Persistent",35
"Lav","mature","Bar.alp","Persistent",6
"Lav","mature","Bis.viv","Persistent",261
"Lav","mature","Cam.rot","Persistent",54
"Lav","mature","Car.atr","Persistent",6
"Lav","mature","Car.big","Persistent",100
"Lav","mature","Car.cap","Persistent",29
"Lav","mature","Car.nor","Persistent",94
"Lav","mature","Car.pil","Transient",11
"Lav","mature","Car.vag","Persistent",23
"Lav","mature","Cer.cer","Persistent",13
"Lav","mature","Cer.fon","Transient",1
"Lav","mature","Coe.vir","Persistent",4
"Lav","mature","Des.ces","Persistent",246
"Lav","mature","Dry.oct","Transient",1
"Lav","mature","Emp.her","Persistent",10
"Lav","mature","Epi.sp","Persistent",26
"Lav","mature","Eup.sp","Persistent",20
"Lav","mature","Fes.ovi","Persistent",50
"Lav","mature","Fes.rub","Persistent",50
"Lav","mature","Gen.cam","Transient",1
"Lav","mature","Gen.niv","Transient",4
"Lav","mature","Gen.pur","Transient",1
"Lav","mature","Hie.alp","Persistent",12
"Lav","mature","Hie.vul","Transient",4
"Lav","mature","Leo.aut","Persistent",70
"Lav","mature","Loi.pro","Persistent",4
"Lav","mature","Luz.mul","Persistent",7
"Lav","mature","Luz.spi","Persistent",20
"Lav","mature","Min.bif","Transient",2
"Lav","mature","Nar.str","Persistent",91
"Lav","mature","Oma.nor","Transient",1
"Lav","mature","Oma.sup","Persistent",98
"Lav","mature","Oxa.ace","Transient",1
"Lav","mature","Oxy.dig","Persistent",36
"Lav","mature","Par.pal","Persistent",66
"Lav","mature","Phl.alp","Persistent",92
"Lav","mature","Phy.cae","Transient",1
"Lav","mature","Pin.vul","Persistent",30
"Lav","mature","Poa.alp","Persistent",177
"Lav","mature","Poa.pra","Persistent",38
"Lav","mature","Pot.cra","Persistent",33
"Lav","mature","Pot.ere","Transient",1
"Lav","mature","Pyr.sp","Persistent",35
"Lav","mature","Ran.acr","Transient",3
"Lav","mature","Rho.ros","Persistent",8
"Lav","mature","Rum.ace","Persistent",54
"Lav","mature","Sag.sp","Persistent",59
"Lav","mature","Sax.aiz","Persistent",4
"Lav","mature","Sax.opp","Persistent",4
"Lav","mature","Sib.pro","Persistent",200
"Lav","mature","Sil.aca","Persistent",77
"Lav","mature","Sol.vir","Persistent",20
"Lav","mature","sp","Persistent",181
"Lav","mature","Tar.sp","Persistent",233
"Lav","mature","Tha.alp","Persistent",126
"Lav","mature","Tof.pus","Persistent",11
"Lav","mature","Ver.alp","Persistent",92
"Lav","mature","Ver.fru","Transient",4
"Lav","mature","Vio.bif","Persistent",180
"Lav","mature","Vio.pal","Transient",1
"Lav","rain","Alc.alp","Persistent",28
"Lav","rain","Ant.alp","Transient",9
"Lav","rain","Ant.odo","Persistent",82
"Lav","rain","Bis.viv","Persistent",8
"Lav","rain","Cam.rot","Persistent",19
"Lav","rain","Car.big","Persistent",28
"Lav","rain","Car.cap","Persistent",1
"Lav","rain","Car.vag","Persistent",1
"Lav","rain","Emp.her","Persistent",18
"Lav","rain","Epi.sp","Persistent",1
"Lav","rain","Eup.sp","Persistent",4
"Lav","rain","Fes.ovi","Persistent",7
"Lav","rain","Loi.pro","Persistent",10
"Lav","rain","Luz.spi","Persistent",5
"Lav","rain","Par.pal","Persistent",1
"Lav","rain","Phl.alp","Persistent",1
"Lav","rain","Phy.cae","Transient",3
"Lav","rain","Poa.alp","Persistent",8
"Lav","rain","Poa.pra","Persistent",1
"Lav","rain","Ran.acr","Transient",3
"Lav","rain","Rum.acl","Transient",2
"Lav","rain","Sag.sp","Persistent",34
"Lav","rain","Sax.ste","Transient",1
"Lav","rain","Sil.aca","Persistent",22
"Lav","rain","sp","Persistent",22
"Lav","rain","Tar.sp","Persistent",6
"Lav","rain","Tof.pus","Persistent",18
"Lav","rain","Ver.alp","Persistent",7
"Lav","rain","Vio.bif","Persistent",5
"Ovs","bank","Ach.mil","Transient",4
"Ovs","bank","Agr.cap","Persistent",1284
"Ovs","bank","Aju.pyr","Persistent",14
"Ovs","bank","Ant.odo","Persistent",120
"Ovs","bank","Cam.rot","Persistent",174
"Ovs","bank","Car.lep","Persistent",505
"Ovs","bank","Car.pal","Transient",824
"Ovs","bank","Car.pil","Persistent",210
"Ovs","bank","Des.ces","Persistent",8
"Ovs","bank","Epi.sp","Transient",11
"Ovs","bank","Gal.uli","Transient",1
"Ovs","bank","Hie.pil","Persistent",11
"Ovs","bank","Hype.mac","Transient",9
"Ovs","bank","Luz.mul","Persistent",59
"Ovs","bank","Luz.pil","Transient",18
"Ovs","bank","Nar.str","Persistent",4
"Ovs","bank","Oma.nor","Transient",13
"Ovs","bank","Oma.syl","Transient",12
"Ovs","bank","Pot.ere","Persistent",76
"Ovs","bank","Rum.ace","Persistent",35
"Ovs","bank","Rum.acl","Persistent",84
"Ovs","bank","Sag.sp","Transient",1
"Ovs","bank","Ste.med","Transient",3
"Ovs","bank","Ver.off","Persistent",898
"Ovs","bank","Ver.ser","Transient",16
"Ovs","bank","Vio.pal","Persistent",45
"Ovs","est","Agr.cap","Persistent",63
"Ovs","est","Ant.odo","Persistent",6
"Ovs","est","Cam.rot","Persistent",2
"Ovs","est","Car.lep","Persistent",5
"Ovs","est","Car.nig","Persistent",1
"Ovs","est","Hype.mac","Transient",1
"Ovs","est","Oma.nor","Transient",1
"Ovs","est","Pot.ere","Persistent",1
"Ovs","est","Rum.acl","Persistent",31
"Ovs","est","sp","Transient",2
"Ovs","germ","Agr.cap","Persistent",65
"Ovs","germ","Ant.odo","Persistent",6
"Ovs","germ","Cam.rot","Persistent",10
"Ovs","germ","Car.lep","Persistent",17
"Ovs","germ","Car.nig","Persistent",1
"Ovs","germ","Hie.pil","Persistent",5
"Ovs","germ","Hype.mac","Transient",16
"Ovs","germ","Oma.nor","Transient",22
"Ovs","germ","Pot.ere","Persistent",3
"Ovs","germ","Pru.vul","Transient",1
"Ovs","germ","Pyr.sp","Transient",2
"Ovs","germ","Ran.acr","Transient",1
"Ovs","germ","Rum.acl","Persistent",50
"Ovs","germ","sp","Transient",229
"Ovs","germ","Tar.sp","Transient",1
"Ovs","germ","Ver.off","Persistent",3
"Ovs","mature","Agr.cap","Persistent",713
"Ovs","mature","Aju.pyr","Persistent",17
"Ovs","mature","Alc.alp","Transient",1
"Ovs","mature","Ant.odo","Persistent",256
"Ovs","mature","Ave.fle","Persistent",32
"Ovs","mature","Bis.viv","Transient",1
"Ovs","mature","Cam.rot","Persistent",64
"Ovs","mature","Car.lep","Persistent",398
"Ovs","mature","Car.nig","Persistent",36
"Ovs","mature","Car.pil","Persistent",37
"Ovs","mature","Dan.dec","Transient",3
"Ovs","mature","Des.ces","Persistent",28
"Ovs","mature","Fes.rub","Persistent",19
"Ovs","mature","Hie.pil","Persistent",613
"Ovs","mature","Hie.vul","Transient",22
"Ovs","mature","Hype.mac","Transient",1
"Ovs","mature","Luz.mul","Persistent",14
"Ovs","mature","Nar.str","Persistent",134
"Ovs","mature","Poa.pra","Persistent",9
"Ovs","mature","Pot.ere","Persistent",359
"Ovs","mature","Pru.vul","Transient",3
"Ovs","mature","Ran.acr","Transient",1
"Ovs","mature","Rum.ace","Persistent",163
"Ovs","mature","Rum.acl","Persistent",159
"Ovs","mature","Sol.vir","Transient",1
"Ovs","mature","sp","Transient",1
"Ovs","mature","Ste.gra","Transient",1
"Ovs","mature","Suc.pra","Transient",10
"Ovs","mature","Tri.rep","Transient",2
"Ovs","mature","Ver.cha","Transient",2
"Ovs","mature","Ver.off","Persistent",300
"Ovs","mature","Vio.bif","Transient",1
"Ovs","mature","Vio.pal","Persistent",109
"Ovs","rain","Agr.cap","Persistent",146
"Ovs","rain","Ant.odo","Persistent",108
"Ovs","rain","Ave.fle","Persistent",11
"Ovs","rain","Cam.rot","Persistent",130
"Ovs","rain","Car.lep","Persistent",476
"Ovs","rain","Car.nig","Persistent",5
"Ovs","rain","Car.pil","Persistent",13
"Ovs","rain","Dan.dec","Transient",6
"Ovs","rain","Des.ces","Persistent",31
"Ovs","rain","Fes.ovi","Transient",2
"Ovs","rain","Fes.rub","Persistent",6
"Ovs","rain","Hie.pil","Persistent",201
"Ovs","rain","Luz.mul","Persistent",1
"Ovs","rain","Nar.str","Persistent",21
"Ovs","rain","Poa.pra","Persistent",1
"Ovs","rain","Pot.ere","Persistent",37
"Ovs","rain","Rum.ace","Persistent",5
"Ovs","rain","Rum.acl","Persistent",178
"Ovs","rain","Ver.off","Persistent",98
"Ram","bank","Agr.cap","Persistent",107
"Ram","bank","Alo.pra","Transient",1
"Ram","bank","Ant.odo","Persistent",3
"Ram","bank","Ave.fle","Persistent",7
"Ram","bank","Bis.viv","Persistent",64
"Ram","bank","Cal.vul","Persistent",66
"Ram","bank","Cam.rot","Persistent",4
"Ram","bank","Car.cap","Persistent",2
"Ram","bank","Car.nig","Transient",1
"Ram","bank","Car.pal","Persistent",1
"Ram","bank","Car.pan","Transient",9
"Ram","bank","Car.pil","Persistent",2
"Ram","bank","Cer.fon","Persistent",5
"Ram","bank","Cir.pal","Transient",3
"Ram","bank","Des.ces","Persistent",276
"Ram","bank","Dia.del","Transient",1
"Ram","bank","Emp.her","Persistent",17
"Ram","bank","Epi.sp","Persistent",94
"Ram","bank","Fes.rub","Persistent",39
"Ram","bank","Hype.mac","Transient",3
"Ram","bank","Leo.aut","Persistent",34
"Ram","bank","Luz.mul","Persistent",58
"Ram","bank","Luz.pil","Transient",6
"Ram","bank","Nar.str","Persistent",81
"Ram","bank","Oxa.ace","Persistent",2
"Ram","bank","Pin.vul","Persistent",4
"Ram","bank","Pot.cra","Transient",1
"Ram","bank","Pot.ere","Persistent",363
"Ram","bank","Ran.acr","Transient",2
"Ram","bank","Rum.acl","Transient",1
"Ram","bank","Sag.sp","Persistent",67
"Ram","bank","Sax.aiz","Transient",1
"Ram","bank","Sib.pro","Persistent",11
"Ram","bank","sp","Persistent",1
"Ram","bank","Tar.sp","Persistent",2
"Ram","bank","Tri.rep","Transient",13
"Ram","bank","Urt.dio","Transient",4
"Ram","bank","Ver.off","Persistent",2
"Ram","bank","Ver.ser","Transient",1
"Ram","bank","Vio.pal","Persistent",128
"Ram","bank","Vio.riv","Persistent",3
"Ram","est","Agr.cap","Persistent",7
"Ram","est","Ant.odo","Persistent",4
"Ram","est","Ave.fle","Persistent",1
"Ram","est","Bis.viv","Persistent",1
"Ram","est","Cam.rot","Persistent",4
"Ram","est","Des.alp","Transient",1
"Ram","est","Eup.sp","Persistent",2
"Ram","est","Fes.rub","Persistent",1
"Ram","est","Leo.aut","Persistent",7
"Ram","est","Luz.mul","Persistent",5
"Ram","est","Luz.pil","Transient",1
"Ram","est","Oma.nor","Transient",4
"Ram","est","Poa.alp","Transient",3
"Ram","est","Pot.ere","Persistent",10
"Ram","est","Ran.acr","Transient",12
"Ram","est","Sag.sp","Persistent",64
"Ram","est","Sib.pro","Persistent",4
"Ram","est","sp","Persistent",21
"Ram","est","Ver.off","Persistent",5
"Ram","est","Ver.ser","Transient",18
"Ram","est","Vio.bif","Persistent",1
"Ram","est","Vio.pal","Persistent",12
"Ram","germ","Agr.cap","Persistent",7
"Ram","germ","Ant.odo","Persistent",7
"Ram","germ","Ave.fle","Persistent",2
"Ram","germ","Bis.viv","Persistent",1
"Ram","germ","Cam.rot","Persistent",7
"Ram","germ","Des.alp","Transient",1
"Ram","germ","Eup.sp","Persistent",2
"Ram","germ","Fes.ovi","Transient",1
"Ram","germ","Fes.rub","Persistent",1
"Ram","germ","Fes.viv","Persistent",1
"Ram","germ","Hie.pil","Persistent",2
"Ram","germ","Leo.aut","Persistent",12
"Ram","germ","Luz.mul","Persistent",5
"Ram","germ","Luz.pil","Transient",1
"Ram","germ","Oma.nor","Transient",9
"Ram","germ","Poa.alp","Transient",8
"Ram","germ","Poa.pra","Transient",1
"Ram","germ","Pot.cra","Transient",1
"Ram","germ","Pot.ere","Persistent",17
"Ram","germ","Ran.acr","Transient",22
"Ram","germ","Sag.sp","Persistent",112
"Ram","germ","Sib.pro","Persistent",8
"Ram","germ","sp","Persistent",106
"Ram","germ","Ver.off","Persistent",6
"Ram","germ","Ver.ser","Transient",26
"Ram","germ","Vio.bif","Persistent",2
"Ram","germ","Vio.pal","Persistent",18
"Ram","mature","Ach.mil","Persistent",31
"Ram","mature","Agr.cap","Persistent",205
"Ram","mature","Alc.alp","Persistent",102
"Ram","mature","Ant.dio","Transient",3
"Ram","mature","Ant.odo","Persistent",231
"Ram","mature","Ave.fle","Persistent",41
"Ram","mature","Bis.viv","Persistent",167
"Ram","mature","Cal.vul","Persistent",52
"Ram","mature","Cam.rot","Persistent",55
"Ram","mature","Car.cap","Persistent",46
"Ram","mature","Car.fla","Persistent",5
"Ram","mature","Car.pal","Persistent",10
"Ram","mature","Car.pil","Persistent",103
"Ram","mature","Car.sax","Transient",1
"Ram","mature","Cer.cer","Persistent",12
"Ram","mature","Cer.fon","Persistent",9
"Ram","mature","Cir.pal","Transient",5
"Ram","mature","Des.ces","Persistent",262
"Ram","mature","Dry.oct","Transient",11
"Ram","mature","Emp.her","Persistent",23
"Ram","mature","Epi.sp","Persistent",46
"Ram","mature","Eup.sp","Persistent",30
"Ram","mature","Fes.ovi","Transient",4
"Ram","mature","Fes.rub","Persistent",27
"Ram","mature","Fes.viv","Persistent",13
"Ram","mature","Gal.uli","Transient",1
"Ram","mature","Hie.pil","Persistent",9
"Ram","mature","Leo.aut","Persistent",77
"Ram","mature","Luz.mul","Persistent",41
"Ram","mature","Min.bif","Transient",2
"Ram","mature","Nar.str","Persistent",216
"Ram","mature","Oma.sup","Persistent",33
"Ram","mature","Oxa.ace","Persistent",28
"Ram","mature","Par.pal","Transient",1
"Ram","mature","Pin.vul","Persistent",19
"Ram","mature","Poa.pra","Transient",2
"Ram","mature","Pot.ere","Persistent",324
"Ram","mature","Pru.vul","Persistent",43
"Ram","mature","Pyr.sp","Transient",4
"Ram","mature","Ran.acr","Transient",2
"Ram","mature","Ran.rep","Persistent",16
"Ram","mature","Rum.ace","Persistent",82
"Ram","mature","Rum.acl","Transient",1
"Ram","mature","Sag.sp","Persistent",59
"Ram","mature","Sau.alp","Transient",3
"Ram","mature","Sib.pro","Persistent",28
"Ram","mature","sp","Persistent",15
"Ram","mature","Tar.sp","Persistent",40
"Ram","mature","Tri.rep","Transient",3
"Ram","mature","Ver.alp","Persistent",44
"Ram","mature","Ver.off","Persistent",120
"Ram","mature","Ver.ser","Transient",1
"Ram","mature","Vio.bif","Persistent",122
"Ram","mature","Vio.pal","Persistent",173
"Ram","mature","Vio.riv","Persistent",8
"Ram","rain","Ach.mil","Persistent",67
"Ram","rain","Agr.cap","Persistent",58
"Ram","rain","Alc.alp","Persistent",14
"Ram","rain","Ant.odo","Persistent",457
"Ram","rain","Ave.fle","Persistent",5
"Ram","rain","Bis.viv","Persistent",27
"Ram","rain","Car.cap","Persistent",4
"Ram","rain","Car.lep","Transient",2
"Ram","rain","Car.nor","Transient",1
"Ram","rain","Car.pil","Persistent",57
"Ram","rain","Car.pul","Transient",1
"Ram","rain","Cer.fon","Persistent",3
"Ram","rain","Des.ces","Persistent",76
"Ram","rain","Emp.her","Persistent",1
"Ram","rain","Eup.sp","Persistent",11
"Ram","rain","Luz.mul","Persistent",162
"Ram","rain","Nar.str","Persistent",288
"Ram","rain","Oma.nor","Transient",8
"Ram","rain","Oma.syl","Transient",1
"Ram","rain","Oxa.ace","Persistent",4
"Ram","rain","Poa.pra","Transient",5
"Ram","rain","Pot.ere","Persistent",56
"Ram","rain","Rum.ace","Persistent",1
"Ram","rain","Sib.pro","Persistent",3
"Ram","rain","sp","Persistent",3
"Ram","rain","Ste.gra","Transient",1
"Ram","rain","Ver.off","Persistent",152
"Ram","rain","Vio.pal","Persistent",40
"Skj","bank","Agr.cap","Persistent",10
"Skj","bank","Alc.alp","Persistent",2
"Skj","bank","Ara.alp","Transient",7
"Skj","bank","Bis.viv","Persistent",37
"Skj","bank","Cam.rot","Persistent",188
"Skj","bank","Car.big","Transient",4
"Skj","bank","Car.cap","Persistent",11
"Skj","bank","Car.nor","Persistent",123
"Skj","bank","Car.vag","Persistent",3
"Skj","bank","Cer.alp","Persistent",2
"Skj","bank","Cer.cer","Transient",1
"Skj","bank","Cer.fon","Persistent",19
"Skj","bank","Des.ces","Persistent",3
"Skj","bank","Epi.sp","Persistent",20
"Skj","bank","Fes.ovi","Persistent",1
"Skj","bank","Fes.rub","Persistent",3
"Skj","bank","Fes.viv","Transient",1
"Skj","bank","Leo.aut","Persistent",5
"Skj","bank","Luz.mul","Persistent",5
"Skj","bank","Nar.str","Persistent",9
"Skj","bank","Oma.sup","Persistent",2
"Skj","bank","Par.pal","Persistent",49
"Skj","bank","Pin.vul","Persistent",4
"Skj","bank","Poa.alp","Persistent",4
"Skj","bank","Pri.ska","Transient",1
"Skj","bank","Ran.acr","Transient",96
"Skj","bank","Sag.sp","Persistent",3045
"Skj","bank","Sax.aiz","Persistent",84
"Skj","bank","Sib.pro","Persistent",24
"Skj","bank","sp","Persistent",37
"Skj","bank","Tha.alp","Persistent",37
"Skj","bank","Ver.alp","Persistent",3
"Skj","bank","Ver.ser","Transient",3
"Skj","bank","Vio.pal","Persistent",3
"Skj","bank","Vio.riv","Transient",1
"Skj","est","Alc.alp","Persistent",4
"Skj","est","Bis.viv","Persistent",4
"Skj","est","Cer.cer","Transient",1
"Skj","est","Cer.fon","Persistent",1
"Skj","est","Eup.sp","Persistent",5
"Skj","est","Oma.sup","Persistent",1
"Skj","est","Sag.sp","Persistent",7
"Skj","est","Sax.aiz","Persistent",3
"Skj","est","Sib.pro","Persistent",20
"Skj","est","sp","Persistent",31
"Skj","est","Ver.fru","Persistent",1
"Skj","germ","Alc.alp","Persistent",8
"Skj","germ","Bis.viv","Persistent",10
"Skj","germ","Cam.rot","Persistent",3
"Skj","germ","Cer.cer","Transient",2
"Skj","germ","Cer.fon","Persistent",2
"Skj","germ","Epi.sp","Persistent",4
"Skj","germ","Eup.sp","Persistent",24
"Skj","germ","Leo.aut","Persistent",5
"Skj","germ","Oma.sup","Persistent",1
"Skj","germ","Poa.alp","Persistent",1
"Skj","germ","Pot.ere","Transient",1
"Skj","germ","Sag.sp","Persistent",43
"Skj","germ","Sax.aiz","Persistent",7
"Skj","germ","Sib.pro","Persistent",85
"Skj","germ","sp","Persistent",94
"Skj","germ","Ver.fru","Persistent",2
"Skj","germ","Vio.pal","Persistent",1
"Skj","mature","Agr.cap","Persistent",160
"Skj","mature","Agr.mer","Persistent",20
"Skj","mature","Alc.alp","Persistent",76
"Skj","mature","Ant.dio","Persistent",28
"Skj","mature","Ant.odo","Persistent",128
"Skj","mature","Ave.fle","Persistent",15
"Skj","mature","Bis.viv","Persistent",244
"Skj","mature","Cam.rot","Persistent",108
"Skj","mature","Car.atr","Transient",2
"Skj","mature","Car.big","Transient",11
"Skj","mature","Car.cap","Persistent",201
"Skj","mature","Car.fla","Persistent",5
"Skj","mature","Car.nor","Persistent",12
"Skj","mature","Car.vag","Persistent",45
"Skj","mature","Cer.alp","Persistent",7
"Skj","mature","Cer.fon","Persistent",12
"Skj","mature","Coe.vir","Persistent",3
"Skj","mature","Des.ces","Persistent",129
"Skj","mature","Emp.her","Transient",2
"Skj","mature","Epi.sp","Persistent",47
"Skj","mature","Eri.uni","Transient",6
"Skj","mature","Eup.sp","Persistent",69
"Skj","mature","Fes.ovi","Persistent",10
"Skj","mature","Fes.rub","Persistent",25
"Skj","mature","Gen.niv","Persistent",7
"Skj","mature","Hie.vul","Transient",1
"Skj","mature","Hup.sel","Transient",4
"Skj","mature","Kob.sim","Transient",1
"Skj","mature","Leo.aut","Persistent",63
"Skj","mature","Lot.cor","Persistent",5
"Skj","mature","Luz.mul","Persistent",6
"Skj","mature","Luz.spi","Transient",5
"Skj","mature","Nar.str","Persistent",498
"Skj","mature","Oma.sup","Persistent",8
"Skj","mature","Oma.syl","Transient",1
"Skj","mature","Par.pal","Persistent",56
"Skj","mature","Phl.alp","Persistent",5
"Skj","mature","Pin.vul","Persistent",29
"Skj","mature","Poa.alp","Persistent",63
"Skj","mature","Poa.pra","Persistent",11
"Skj","mature","Pot.cra","Persistent",64
"Skj","mature","Pot.ere","Transient",2
"Skj","mature","Pru.vul","Transient",2
"Skj","mature","Pyr.sp","Persistent",25
"Skj","mature","Ran.acr","Transient",6
"Skj","mature","Rhi.min","Transient",2
"Skj","mature","Rum.ace","Persistent",7
"Skj","mature","Sag.sp","Persistent",12
"Skj","mature","Sau.alp","Persistent",52
"Skj","mature","Sax.aiz","Persistent",65
"Skj","mature","Sib.pro","Persistent",184
"Skj","mature","Sil.aca","Persistent",189
"Skj","mature","Sol.vir","Transient",2
"Skj","mature","sp","Persistent",181
"Skj","mature","Tar.sp","Transient",2
"Skj","mature","Tha.alp","Persistent",353
"Skj","mature","Tri.rep","Transient",1
"Skj","mature","Ver.alp","Persistent",100
"Skj","mature","Ver.fru","Persistent",36
"Skj","mature","Vio.bif","Transient",1
"Skj","mature","Vio.pal","Persistent",189
"Skj","rain","Agr.cap","Persistent",1
"Skj","rain","Alc.alp","Persistent",6
"Skj","rain","Ant.dio","Persistent",1
"Skj","rain","Ant.odo","Persistent",4
"Skj","rain","Bis.viv","Persistent",16
"Skj","rain","Cam.rot","Persistent",5
"Skj","rain","Car.big","Transient",26
"Skj","rain","Car.cap","Persistent",13
"Skj","rain","Cer.fon","Persistent",13
"Skj","rain","Des.ces","Persistent",31
"Skj","rain","Emp.her","Transient",3
"Skj","rain","Eup.sp","Persistent",39
"Skj","rain","Gen.niv","Persistent",6
"Skj","rain","Leo.aut","Persistent",46
"Skj","rain","Luz.mul","Persistent",21
"Skj","rain","Nar.str","Persistent",437
"Skj","rain","Par.pal","Persistent",4
"Skj","rain","Phl.alp","Persistent",1
"Skj","rain","Phl.pra","Transient",17
"Skj","rain","Pin.vul","Persistent",1
"Skj","rain","Poa.alp","Persistent",1
"Skj","rain","Poa.pra","Persistent",2
"Skj","rain","Sil.aca","Persistent",19
"Skj","rain","sp","Persistent",10
"Skj","rain","Tha.alp","Persistent",27
"Skj","rain","Ver.fru","Persistent",4
"Skj","rain","Vio.pal","Persistent",2
"Ulv","bank","Agr.cap","Persistent",283
"Ulv","bank","Alc.alp","Persistent",323
"Ulv","bank","Ant.alp","Transient",5
"Ulv","bank","Ant.dio","Persistent",1
"Ulv","bank","Ant.odo","Persistent",10
"Ulv","bank","Ast.alp","Persistent",2
"Ulv","bank","Ave.fle","Persistent",3
"Ulv","bank","Bis.viv","Persistent",170
"Ulv","bank","Cam.rot","Persistent",5
"Ulv","bank","Car.atr","Persistent",1
"Ulv","bank","Car.nor","Persistent",10
"Ulv","bank","Car.vag","Persistent",1
"Ulv","bank","Cer.fon","Persistent",49
"Ulv","bank","Des.ces","Persistent",11
"Ulv","bank","Emp.her","Persistent",8
"Ulv","bank","Epi.sp","Transient",29
"Ulv","bank","Leo.aut","Transient",1
"Ulv","bank","Luz.mul","Persistent",43
"Ulv","bank","Luz.spi","Persistent",1
"Ulv","bank","Oma.sup","Persistent",39
"Ulv","bank","Poa.alp","Persistent",63
"Ulv","bank","Poa.pra","Persistent",22
"Ulv","bank","Pot.cra","Persistent",1
"Ulv","bank","Pot.ere","Transient",1
"Ulv","bank","Ran.acr","Persistent",44
"Ulv","bank","Rum.ace","Persistent",1
"Ulv","bank","Rum.acl","Persistent",4
"Ulv","bank","Sag.sp","Persistent",4496
"Ulv","bank","Sau.alp","Persistent",2
"Ulv","bank","Sax.aiz","Transient",1
"Ulv","bank","Sax.ces","Transient",1
"Ulv","bank","Sch.pra","Transient",18
"Ulv","bank","Sed.ann","Transient",2
"Ulv","bank","Sib.pro","Persistent",74
"Ulv","bank","sp","Persistent",7
"Ulv","bank","Tar.sp","Persistent",4
"Ulv","bank","Tha.alp","Persistent",3
"Ulv","bank","Ver.alp","Persistent",12
"Ulv","bank","Vio.bif","Persistent",44
"Ulv","bank","Vio.pal","Transient",1
"Ulv","est","Agr.cap","Persistent",2
"Ulv","est","Alc.alp","Persistent",44
"Ulv","est","Bis.viv","Persistent",2
"Ulv","est","Cam.rot","Persistent",1
"Ulv","est","Cer.fon","Persistent",5
"Ulv","est","Des.ces","Persistent",1
"Ulv","est","Eup.sp","Persistent",1
"Ulv","est","Gen.ama","Transient",4
"Ulv","est","Ran.acr","Persistent",3
"Ulv","est","Rum.ace","Persistent",1
"Ulv","est","Rum.acl","Persistent",2
"Ulv","est","Sag.sp","Persistent",16
"Ulv","est","Sib.pro","Persistent",17
"Ulv","est","sp","Persistent",9
"Ulv","est","Tar.sp","Persistent",1
"Ulv","germ","Agr.cap","Persistent",2
"Ulv","germ","Alc.alp","Persistent",138
"Ulv","germ","Bis.viv","Persistent",29
"Ulv","germ","Cam.rot","Persistent",2
"Ulv","germ","Cer.fon","Persistent",5
"Ulv","germ","Des.ces","Persistent",1
"Ulv","germ","Emp.her","Persistent",2
"Ulv","germ","Eup.sp","Persistent",2
"Ulv","germ","Gen.ama","Transient",4
"Ulv","germ","Oma.sup","Persistent",4
"Ulv","germ","Poa.alp","Persistent",1
"Ulv","germ","Ran.acr","Persistent",10
"Ulv","germ","Rum.ace","Persistent",3
"Ulv","germ","Rum.acl","Persistent",4
"Ulv","germ","Sag.sp","Persistent",44
"Ulv","germ","Sib.pro","Persistent",52
"Ulv","germ","sp","Persistent",33
"Ulv","germ","Tar.sp","Persistent",1
"Ulv","germ","Ver.fru","Persistent",2
"Ulv","germ","Vio.bif","Persistent",2
"Ulv","mature","Ach.mil","Persistent",126
"Ulv","mature","Agr.cap","Persistent",729
"Ulv","mature","Alc.alp","Persistent",682
"Ulv","mature","Ant.dio","Persistent",68
"Ulv","mature","Ant.odo","Persistent",141
"Ulv","mature","Ast.alp","Persistent",203
"Ulv","mature","Ave.fle","Persistent",48
"Ulv","mature","Bis.viv","Persistent",169
"Ulv","mature","Cam.rot","Persistent",55
"Ulv","mature","Car.atr","Persistent",29
"Ulv","mature","Car.big","Persistent",56
"Ulv","mature","Car.cap","Persistent",12
"Ulv","mature","Car.nor","Persistent",23
"Ulv","mature","Car.vag","Persistent",22
"Ulv","mature","Cer.alp","Persistent",14
"Ulv","mature","Cer.cer","Transient",7
"Ulv","mature","Cer.fon","Persistent",24
"Ulv","mature","Des.ces","Persistent",77
"Ulv","mature","Emp.her","Persistent",10
"Ulv","mature","Epi.sp","Transient",7
"Ulv","mature","Eri.uni","Transient",2
"Ulv","mature","Eup.sp","Persistent",9
"Ulv","mature","Fes.ovi","Persistent",25
"Ulv","mature","Fes.rub","Persistent",119
"Ulv","mature","Fes.viv","Transient",1
"Ulv","mature","Gen.ama","Transient",3
"Ulv","mature","Gen.niv","Persistent",21
"Ulv","mature","Leo.aut","Transient",4
"Ulv","mature","Luz.mul","Persistent",28
"Ulv","mature","Luz.spi","Persistent",19
"Ulv","mature","Min.bif","Persistent",15
"Ulv","mature","Oma.nor","Transient",1
"Ulv","mature","Oma.sup","Persistent",25
"Ulv","mature","Phl.alp","Persistent",170
"Ulv","mature","Phy.cae","Transient",1
"Ulv","mature","Poa.alp","Persistent",149
"Ulv","mature","Poa.pra","Persistent",21
"Ulv","mature","Pot.cra","Persistent",51
"Ulv","mature","Pot.ere","Transient",4
"Ulv","mature","Pyr.sp","Transient",1
"Ulv","mature","Ran.acr","Persistent",122
"Ulv","mature","Rum.ace","Persistent",22
"Ulv","mature","Rum.acl","Persistent",35
"Ulv","mature","Sag.sp","Persistent",89
"Ulv","mature","Sau.alp","Persistent",41
"Ulv","mature","Sib.pro","Persistent",167
"Ulv","mature","Sil.aca","Transient",4
"Ulv","mature","sp","Persistent",81
"Ulv","mature","Tar.sp","Persistent",24
"Ulv","mature","Tha.alp","Persistent",52
"Ulv","mature","Tof.pus","Transient",6
"Ulv","mature","Ver.alp","Persistent",128
"Ulv","mature","Ver.fru","Persistent",26
"Ulv","mature","Ver.ser","Transient",1
"Ulv","mature","Vio.bif","Persistent",220
"Ulv","mature","Vio.pal","Transient",3
"Ulv","rain","Alc.alp","Persistent",63
"Ulv","rain","Ant.dio","Persistent",38
"Ulv","rain","Ant.odo","Persistent",45
"Ulv","rain","Bis.viv","Persistent",35
"Ulv","rain","Cam.rot","Persistent",20
"Ulv","rain","Car.big","Persistent",1
"Ulv","rain","Des.ces","Persistent",96
"Ulv","rain","Emp.her","Persistent",6
"Ulv","rain","Eup.sp","Persistent",4
"Ulv","rain","Fes.ovi","Persistent",16
"Ulv","rain","Fes.rub","Persistent",2
"Ulv","rain","Gen.ama","Transient",2
"Ulv","rain","Gen.cam","Transient",1
"Ulv","rain","Gen.niv","Persistent",22
"Ulv","rain","Luz.mul","Persistent",5
"Ulv","rain","Oma.sup","Persistent",9
"Ulv","rain","Phl.alp","Persistent",3
"Ulv","rain","Phy.cae","Transient",1
"Ulv","rain","Poa.alp","Persistent",49
"Ulv","rain","Ran.acr","Persistent",5
"Ulv","rain","Rum.ace","Persistent",1
"Ulv","rain","Rum.acl","Persistent",1
"Ulv","rain","Sag.sp","Persistent",92
"Ulv","rain","sp","Persistent",6
"Ulv","rain","Tar.sp","Persistent",5
"Ulv","rain","Ver.alp","Persistent",10
"Ulv","rain","Ver.off","Transient",1
"Ulv","rain","Vio.bif","Persistent",22
"Ves","bank","Agr.cap","Persistent",63
"Ves","bank","Alc.alp","Persistent",1
"Ves","bank","Ane.nem","Transient",35
"Ves","bank","Ant.odo","Persistent",49
"Ves","bank","Bis.viv","Persistent",23
"Ves","bank","Cal.vul","Persistent",392
"Ves","bank","Cam.rot","Persistent",15
"Ves","bank","Car.big","Transient",1
"Ves","bank","Car.cap","Persistent",7
"Ves","bank","Car.dio","Transient",1
"Ves","bank","Car.fla","Persistent",1
"Ves","bank","Car.nig","Persistent",9
"Ves","bank","Car.pal","Persistent",2
"Ves","bank","Car.pan","Persistent",5
"Ves","bank","Car.pil","Persistent",36
"Ves","bank","Car.pul","Persistent",2
"Ves","bank","Car.vag","Persistent",1
"Ves","bank","Des.ces","Persistent",13
"Ves","bank","Emp.her","Transient",2
"Ves","bank","Epi.sp","Transient",6
"Ves","bank","Fes.rub","Persistent",9
"Ves","bank","Fil.ulm","Transient",1
"Ves","bank","Geu.riv","Persistent",4
"Ves","bank","Hie.pil","Persistent",2
"Ves","bank","Leo.aut","Persistent",2
"Ves","bank","Luz.mul","Persistent",55
"Ves","bank","Luz.pil","Transient",5
"Ves","bank","Nar.str","Persistent",26
"Ves","bank","Oma.syl","Transient",147
"Ves","bank","Pot.cra","Transient",3
"Ves","bank","Pot.ere","Persistent",44
"Ves","bank","Pru.vul","Persistent",139
"Ves","bank","Ran.acr","Persistent",1
"Ves","bank","Ran.aur","Persistent",3
"Ves","bank","Rum.acl","Transient",2
"Ves","bank","Sag.sp","Persistent",54
"Ves","bank","Sib.pro","Persistent",35
"Ves","bank","sp","Persistent",107
"Ves","bank","Tar.sp","Persistent",1
"Ves","bank","Tha.alp","Persistent",11
"Ves","bank","Tri.rep","Persistent",16
"Ves","bank","Ver.off","Persistent",10
"Ves","bank","Ver.ser","Transient",149
"Ves","bank","Vio.bif","Transient",7
"Ves","bank","Vio.pal","Persistent",27
"Ves","bank","Vio.riv","Persistent",11
"Ves","est","Bis.viv","Persistent",2
"Ves","est","Epi.sp","Transient",1
"Ves","est","Eup.sp","Persistent",11
"Ves","est","Hie.pil","Persistent",1
"Ves","est","Leo.aut","Persistent",16
"Ves","est","Pot.ere","Persistent",3
"Ves","est","Pru.vul","Persistent",25
"Ves","est","Sag.sp","Persistent",8
"Ves","est","Sib.pro","Persistent",3
"Ves","est","sp","Persistent",4
"Ves","est","Ver.alp","Persistent",1
"Ves","est","Ver.ser","Transient",2
"Ves","est","Vio.tri","Transient",1
"Ves","germ","Bis.viv","Persistent",4
"Ves","germ","Cal.vul","Persistent",2
"Ves","germ","Car.pan","Persistent",1
"Ves","germ","Epi.sp","Transient",3
"Ves","germ","Eup.sp","Persistent",16
"Ves","germ","Hie.pil","Persistent",1
"Ves","germ","Leo.aut","Persistent",81
"Ves","germ","Pot.ere","Persistent",17
"Ves","germ","Pru.vul","Persistent",45
"Ves","germ","Sag.sp","Persistent",20
"Ves","germ","Sib.pro","Persistent",8
"Ves","germ","sp","Persistent",17
"Ves","germ","Ver.alp","Persistent",1
"Ves","germ","Ver.ser","Transient",2
"Ves","germ","Vio.pal","Persistent",2
"Ves","germ","Vio.riv","Persistent",1
"Ves","germ","Vio.tri","Transient",3
"Ves","mature","Ach.mil","Transient",1
"Ves","mature","Agr.cap","Persistent",412
"Ves","mature","Agr.mer","Transient",5
"Ves","mature","Alc.alp","Persistent",90
"Ves","mature","Ane.nem","Transient",2
"Ves","mature","Ant.dio","Persistent",7
"Ves","mature","Ant.odo","Persistent",95
"Ves","mature","Bis.viv","Persistent",187
"Ves","mature","Cal.vul","Persistent",18
"Ves","mature","Cam.rot","Persistent",20
"Ves","mature","Car.big","Transient",10
"Ves","mature","Car.cap","Persistent",55
"Ves","mature","Car.dio","Transient",19
"Ves","mature","Car.ech","Transient",6
"Ves","mature","Car.fla","Persistent",23
"Ves","mature","Car.lep","Transient",1
"Ves","mature","Car.nig","Persistent",80
"Ves","mature","Car.nor","Transient",8
"Ves","mature","Car.pal","Persistent",53
"Ves","mature","Car.pan","Persistent",110
"Ves","mature","Car.pil","Persistent",168
"Ves","mature","Car.pul","Persistent",47
"Ves","mature","Car.sax","Transient",1
"Ves","mature","Car.vag","Persistent",92
"Ves","mature","Cer.fon","Transient",1
"Ves","mature","Cir.pal","Persistent",96
"Ves","mature","Dan.dec","Transient",3
"Ves","mature","Des.ces","Persistent",178
"Ves","mature","Eup.sp","Persistent",67
"Ves","mature","Fes.ovi","Transient",6
"Ves","mature","Fes.rub","Persistent",185
"Ves","mature","Fes.viv","Transient",2
"Ves","mature","Geu.riv","Persistent",29
"Ves","mature","Hie.pil","Persistent",99
"Ves","mature","Kob.sim","Transient",1
"Ves","mature","Leo.aut","Persistent",168
"Ves","mature","Luz.mul","Persistent",59
"Ves","mature","Mel.pra","Transient",1
"Ves","mature","Nar.str","Persistent",261
"Ves","mature","Oma.nor","Persistent",13
"Ves","mature","Oxa.ace","Transient",1
"Ves","mature","Par.pal","Transient",2
"Ves","mature","Pin.vul","Persistent",13
"Ves","mature","Pla.lan","Persistent",19
"Ves","mature","Pla.med","Transient",3
"Ves","mature","Poa.pra","Transient",2
"Ves","mature","Pot.ere","Persistent",340
"Ves","mature","Pru.vul","Persistent",326
"Ves","mature","Pyr.sp","Persistent",8
"Ves","mature","Ran.acr","Persistent",24
"Ves","mature","Ran.aur","Persistent",67
"Ves","mature","Rhi.min","Persistent",14
"Ves","mature","Rum.ace","Transient",1
"Ves","mature","Rum.acl","Transient",2
"Ves","mature","Sag.sp","Persistent",17
"Ves","mature","Sib.pro","Persistent",45
"Ves","mature","Sol.vir","Persistent",33
"Ves","mature","sp","Persistent",223
"Ves","mature","Ste.gra","Transient",2
"Ves","mature","Tar.sp","Persistent",30
"Ves","mature","Tha.alp","Persistent",94
"Ves","mature","Tri.rep","Persistent",161
"Ves","mature","Ver.alp","Persistent",28
"Ves","mature","Ver.cha","Persistent",21
"Ves","mature","Ver.off","Persistent",103
"Ves","mature","Ver.ser","Transient",1
"Ves","mature","Vio.bif","Transient",2
"Ves","mature","Vio.pal","Persistent",177
"Ves","mature","Vio.riv","Persistent",32
"Ves","rain","Agr.cap","Persistent",10
"Ves","rain","Agr.mer","Transient",9
"Ves","rain","Alc.alp","Persistent",16
"Ves","rain","Ant.odo","Persistent",34
"Ves","rain","Bis.viv","Persistent",17
"Ves","rain","Car.cap","Persistent",10
"Ves","rain","Car.ech","Transient",30
"Ves","rain","Car.pal","Persistent",1
"Ves","rain","Car.pan","Persistent",1
"Ves","rain","Car.pul","Persistent",1
"Ves","rain","Car.vag","Persistent",1
"Ves","rain","Des.ces","Persistent",4
"Ves","rain","Eup.sp","Persistent",84
"Ves","rain","Fes.rub","Persistent",51
"Ves","rain","Hie.pil","Persistent",43
"Ves","rain","Leo.aut","Persistent",177
"Ves","rain","Luz.mul","Persistent",138
"Ves","rain","Nar.str","Persistent",118
"Ves","rain","Oma.syl","Transient",1
"Ves","rain","Pot.ere","Persistent",7
"Ves","rain","Pru.vul","Persistent",130
"Ves","rain","Ran.acr","Persistent",2
"Ves","rain","Rhi.min","Persistent",6
"Ves","rain","sp","Persistent",28
"Ves","rain","Tar.sp","Persistent",3
"Ves","rain","Tha.alp","Persistent",2
"Ves","rain","Tri.rep","Persistent",2
"Ves","rain","Ver.off","Persistent",5
"Ves","rain","Vio.pal","Persistent",5
"Vik","bank","Ach.mil","Persistent",9
"Vik","bank","Agr.cap","Persistent",513
"Vik","bank","Ant.odo","Persistent",58
"Vik","bank","Ave.fle","Transient",8
"Vik","bank","Cal.vul","Transient",2
"Vik","bank","Cam.rot","Persistent",1075
"Vik","bank","Car.lep","Transient",7
"Vik","bank","Car.pil","Transient",2
"Vik","bank","Emp.her","Transient",3
"Vik","bank","Epi.sp","Transient",8
"Vik","bank","Fes.rub","Persistent",1
"Vik","bank","Gal.sax","Transient",4
"Vik","bank","Gal.uli","Persistent",7
"Vik","bank","Hype.mac","Persistent",41
"Vik","bank","Kna.arv","Persistent",3
"Vik","bank","Leo.aut","Transient",1
"Vik","bank","Leu.vul","Transient",2
"Vik","bank","Luz.pil","Transient",1
"Vik","bank","Pla.maj","Transient",1
"Vik","bank","Poa.pra","Persistent",1
"Vik","bank","Pot.arg","Transient",31
"Vik","bank","Pot.ere","Persistent",156
"Vik","bank","Pru.vul","Transient",1
"Vik","bank","Rum.ace","Persistent",63
"Vik","bank","Rum.acl","Persistent",550
"Vik","bank","Sag.sp","Transient",3
"Vik","bank","sp","Transient",1
"Vik","bank","Ste.med","Transient",300
"Vik","bank","Tri.pra","Persistent",1
"Vik","bank","Tri.rep","Persistent",11
"Vik","bank","Urt.dio","Transient",16
"Vik","bank","Ver.cha","Persistent",530
"Vik","bank","Ver.off","Persistent",1253
"Vik","bank","Ver.ser","Transient",6
"Vik","bank","Vio.pal","Transient",35
"Vik","bank","Vio.riv","Persistent",20
"Vik","bank","Vio.tri","Persistent",259
"Vik","est","Agr.cap","Persistent",4
"Vik","est","Ant.odo","Persistent",1
"Vik","est","Cam.rot","Persistent",14
"Vik","est","Eup.sp","Persistent",11
"Vik","est","Gal.ver","Persistent",2
"Vik","est","Pot.ere","Persistent",4
"Vik","est","Rum.acl","Persistent",57
"Vik","est","sp","Transient",31
"Vik","est","Ste.gra","Persistent",2
"Vik","est","Ver.off","Persistent",8
"Vik","est","Vio.riv","Persistent",7
"Vik","est","Vio.tri","Persistent",27
"Vik","germ","Agr.cap","Persistent",4
"Vik","germ","Ant.odo","Persistent",1
"Vik","germ","Bis.viv","Transient",3
"Vik","germ","Cam.rot","Persistent",70
"Vik","germ","Eup.sp","Persistent",92
"Vik","germ","Gal.ver","Persistent",2
"Vik","germ","Kna.arv","Persistent",3
"Vik","germ","Pot.ere","Persistent",16
"Vik","germ","Pru.vul","Transient",8
"Vik","germ","Rhi.min","Transient",4
"Vik","germ","Rum.ace","Persistent",12
"Vik","germ","Rum.acl","Persistent",67
"Vik","germ","sp","Transient",220
"Vik","germ","Ste.gra","Persistent",4
"Vik","germ","Ste.med","Transient",2
"Vik","germ","Tri.rep","Persistent",21
"Vik","germ","Ver.off","Persistent",32
"Vik","germ","Ver.ser","Transient",2
"Vik","germ","Vio.riv","Persistent",31
"Vik","germ","Vio.tri","Persistent",53
"Vik","mature","Ach.mil","Persistent",322
"Vik","mature","Agr.cap","Persistent",416
"Vik","mature","Alc.alp","Transient",1
"Vik","mature","Ant.odo","Persistent",361
"Vik","mature","Ave.fle","Transient",11
"Vik","mature","Bis.viv","Transient",1
"Vik","mature","Cam.rot","Persistent",74
"Vik","mature","Caru.car","Transient",1
"Vik","mature","Eup.sp","Persistent",15
"Vik","mature","Fes.ovi","Persistent",89
"Vik","mature","Fes.rub","Persistent",127
"Vik","mature","Gal.uli","Persistent",14
"Vik","mature","Gal.ver","Persistent",145
"Vik","mature","Ger.syl","Transient",5
"Vik","mature","Hie.pil","Persistent",30
"Vik","mature","Hype.mac","Persistent",81
"Vik","mature","Hypo.mac","Transient",1
"Vik","mature","Kna.arv","Persistent",341
"Vik","mature","Luz.mul","Transient",5
"Vik","mature","Pim.sax","Persistent",21
"Vik","mature","Poa.pra","Persistent",85
"Vik","mature","Pot.ere","Persistent",632
"Vik","mature","Ran.acr","Persistent",151
"Vik","mature","Ran.rep","Persistent",7
"Vik","mature","Rub.ida","Persistent",61
"Vik","mature","Rum.ace","Persistent",274
"Vik","mature","Rum.acl","Persistent",58
"Vik","mature","Sol.vir","Transient",1
"Vik","mature","Ste.gra","Persistent",91
"Vik","mature","Tri.pra","Persistent",7
"Vik","mature","Tri.rep","Persistent",324
"Vik","mature","Val.sam","Transient",2
"Vik","mature","Ver.cha","Persistent",10
"Vik","mature","Ver.off","Persistent",356
"Vik","mature","Vio.pal","Transient",5
"Vik","mature","Vio.riv","Persistent",88
"Vik","mature","Vio.tri","Persistent",23
"Vik","rain","Agr.cap","Persistent",420
"Vik","rain","Ant.odo","Persistent",448
"Vik","rain","Cam.rot","Persistent",29
"Vik","rain","Car.lep","Transient",2
"Vik","rain","Eup.sp","Persistent",33
"Vik","rain","Fes.ovi","Persistent",122
"Vik","rain","Fes.rub","Persistent",8
"Vik","rain","Hie.pil","Persistent",2
"Vik","rain","Kna.arv","Persistent",12
"Vik","rain","Leo.aut","Transient",6
"Vik","rain","Phl.pra","Transient",2
"Vik","rain","Pim.sax","Persistent",2
"Vik","rain","Poa.pra","Persistent",12
"Vik","rain","Pot.ere","Persistent",133
"Vik","rain","Pru.vul","Transient",1
"Vik","rain","Ran.acr","Persistent",17
"Vik","rain","Rub.ida","Persistent",12
"Vik","rain","Rum.ace","Persistent",383
"Vik","rain","Rum.acl","Persistent",347
"Vik","rain","Ste.gra","Persistent",26
"Vik","rain","Tri.pra","Persistent",4
"Vik","rain","Tri.rep","Persistent",3
"Vik","rain","Ver.off","Persistent",89
"Vik","rain","Vio.riv","Persistent",4
"Vik","rain","Vio.tri","Persistent",6
